i,x,z,recall_naive,recall_naive_sc,recall_rerank
0,1.11022e-16,2.22045e-16,1,1,0
1,0.00349972,0.565351,1,1,0
2,0.00117395,1.12761,1,1,0
3,-0.0078317,1.68922,1,1,0
4,-0.0150813,2.2513,1,1,0
5,-0.0204007,2.81607,1,1,0
6,-0.0296935,3.39028,1,1,0
7,-0.0415274,3.96949,1,1,0
8,-0.055937,4.5562,1,1,0
9,-0.070081,5.15046,1,1,0
10,-0.087982,5.75129,1,1,0
11,-0.105471,6.36394,1,1,0
12,-0.123858,6.98963,1,1,0
13,-0.144474,7.6376,1,1,0.125
14,-0.164512,8.30211,1,1,0.125
15,-0.184475,8.97838,1,1,0.25
16,-0.207719,9.66192,1,1,0.375
17,-0.232999,10.3537,1,1,0.5
18,-0.253794,11.0642,1,1,0.5
19,-0.270128,11.7984,1,1,0.625
20,-0.282116,12.5587,1,1,0.875
21,-0.296212,13.3352,1,1,0.875
22,-0.31283,14.124,1,1,1
23,-0.327087,14.9276,1,1,1
24,-0.34512,15.7488,1,1,1
25,-0.358557,16.5817,1,1,1
26,-0.36611,17.4281,1,1,1
27,-0.368644,18.2881,1,1,1
28,-0.381287,19.1697,1,1,1
29,-0.393144,20.0706,1,1,1
30,-0.406558,20.9906,1,1,1
31,-0.419658,21.9249,1,1,1
32,-0.437561,22.8777,1,1,1
33,-0.450732,23.8492,1,1,1
34,-0.46864,24.825,1,1,1
35,-0.487074,25.8075,1,1,1
36,-0.505576,26.7949,1,1,1
37,-0.525875,27.7959,1,1,1
38,-0.546485,28.8031,1,1,1
39,-0.567916,29.8173,1,1,1
40,-0.588476,30.8382,1,1,1
41,-0.611385,31.8666,1,1,1
42,-0.634186,32.9025,1,1,1
43,-0.656257,33.9494,1,1,1
44,-0.679967,35.0044,1,1,1
45,-0.704629,36.0673,1,1,1
46,-0.731816,37.1299,1,1,1
47,-0.750946,38.2016,1,1,1
48,-0.763742,39.277,1,1,1
49,-0.786111,40.3536,1,1,1
50,-0.811981,41.431,1,1,1
51,-0.840559,42.5065,1,1,1
52,-0.870911,43.5805,1,1,1
53,-0.905996,44.6454,1,1,1
54,-0.944805,45.7073,1,1,1
55,-0.981509,46.7798,1,1,1
56,-1.0156,47.8582,1,1,1
57,-1.05011,48.9346,1,1,1
58,-1.0795,50.0106,1,1,1
59,-1.11251,51.0892,1,1,1
60,-1.1429,52.1595,1,1,1
61,-1.1775,53.2326,1,1,1
62,-1.21049,54.3065,1,1,1
63,-1.24879,55.3725,1,1,1
64,-1.28223,56.4438,1,1,1
65,-1.31941,57.5145,1,1,1
66,-1.35218,58.6006,1,1,1
67,-1.38718,59.6858,1,1,1
68,-1.41801,60.7685,1,1,1
69,-1.44456,61.8474,1,1,1
70,-1.46949,62.9251,1,1,1
71,-1.49992,64.004,1,1,1
72,-1.52809,65.0853,1,1,1
73,-1.55877,66.1697,1,1,1
74,-1.59332,67.2614,1,1,1
75,-1.62351,68.3497,1,1,1
76,-1.64924,69.4349,1,1,1
77,-1.67316,70.5223,1,1,1
78,-1.69757,71.606,1,1,1
79,-1.72404,72.6896,1,1,1
80,-1.7546,73.7689,1,1,1
81,-1.78443,74.8429,1,1,1
82,-1.81802,75.9117,1,1,1
83,-1.85227,76.9801,1,1,1
84,-1.89275,78.0446,1,1,1
85,-1.93169,79.115,1,1,1
86,-1.9716,80.1804,1,1,1
87,-2.00925,81.241,1,1,1
88,-2.04609,82.2956,1,1,1
89,-2.0822,83.3426,1,1,1
90,-2.11815,84.3815,1,1,1
91,-2.15226,85.4064,1,1,1
92,-2.18721,86.4172,1,1,1
93,-2.22492,87.4107,1,1,1
94,-2.26242,88.3826,1,1,1
95,-2.30369,89.3353,1,1,1
96,-2.34477,90.2656,1,1,1
97,-2.39013,91.1707,1,1,1
98,-2.43474,92.0552,1,1,1
99,-2.48672,92.9158,1,1,1
100,-2.53828,93.754,1,1,1
101,-2.59438,94.5671,1,1,1
102,-2.64959,95.3521,1,1,1
103,-2.70982,96.1106,1,1,1
104,-2.76931,96.8365,1,1,1
105,-2.82759,97.5331,1,1,1
106,-2.8853,98.1968,1,1,1
107,-2.94058,98.8327,1,1,1
108,-2.99255,99.4374,1,1,1
109,-3.04366,100.02,1,1,1
110,-3.09227,100.582,1,1,1
111,-3.1324,101.12,1,1,1
112,-3.1624,101.636,1,1,1
113,-3.18249,102.131,1,1,1
114,-3.19672,102.604,1,1,1
115,-3.20197,103.055,1,1,1
116,-3.19818,103.487,1,1,1
117,-3.18267,103.907,1,1,1
118,-3.15688,104.319,1,1,1
119,-3.11616,104.719,1,1,1
120,-3.06183,105.116,1,1,1
121,-2.99391,105.498,1,1,1
122,-2.91142,105.878,1,1,1
123,-2.81389,106.24,1,1,1
124,-2.69944,106.603,1,1,1
125,-2.57078,106.944,1,1,1
126,-2.43175,107.285,1,1,1
127,-2.27936,107.617,1,1,1
128,-2.10939,107.927,1,1,1
129,-1.92149,108.235,1,1,1
130,-1.72022,108.515,1,1,1
131,-1.50675,108.794,1,1,1
132,-1.28283,109.05,1,1,1
133,-1.04701,109.31,1,1,1
134,-0.797227,109.549,1,1,1
135,-0.530716,109.791,1,1,1
136,-0.246636,110.016,1,1,1
137,0.0557837,110.206,1,1,1
138,0.374458,110.404,1,1,1
139,0.705109,110.568,1,1,1
140,1.04953,110.73,1,1,1
141,1.40813,110.857,1,1,1
142,1.7741,110.988,1,1,1
143,2.14892,111.103,1,1,1
144,2.53314,111.185,1,1,1
145,2.93463,111.266,1,1,1
146,3.3507,111.318,1,1,1
147,3.78382,111.364,1,1,1
148,4.22727,111.402,1,1,1
149,4.69076,111.447,1,1,1
150,5.17344,111.49,1,1,1
151,5.67265,111.518,1,1,1
152,6.19294,111.527,1,1,1
153,6.72852,111.518,1,1,1
154,7.28232,111.5,1,1,1
155,7.85534,111.49,1,1,1
156,8.44766,111.482,1,1,1
157,9.06575,111.462,1,1,1
158,9.70845,111.433,1,1,1
159,10.3653,111.412,1,1,1
160,11.0417,111.398,1,1,1
161,11.7305,111.391,1,1,1
162,12.4406,111.377,1,1,1
163,13.1636,111.361,1,1,1
164,13.9022,111.345,1,1,1
165,14.6583,111.336,1,1,1
166,15.4238,111.324,1,1,1
167,16.2008,111.309,1,1,1
168,16.981,111.294,1,1,1
169,17.7675,111.276,1,1,1
170,18.5654,111.252,1,1,1
171,19.3715,111.225,1,1,1
172,20.1879,111.207,1,1,1
173,21.0056,111.189,1,1,1
174,21.8275,111.169,1,1,1
175,22.6584,111.15,1,1,1
176,23.4968,111.137,1,1,1
177,24.3382,111.128,1,1,1
178,25.1821,111.111,1,1,1
179,26.0272,111.099,1,1,1
180,26.8655,111.087,1,1,1
181,27.6965,111.067,1,1,1
182,28.5175,111.042,1,1,1
183,29.3403,111.019,1,1,1
184,30.1718,110.996,1,1,1
185,31.0029,110.973,1,1,1
186,31.8244,110.95,1,1,1
187,32.6373,110.931,1,1,1
188,33.4496,110.915,1,1,1
189,34.2556,110.896,1,1,1
190,35.0597,110.874,1,1,1
191,35.8595,110.852,1,1,1
192,36.6557,110.832,1,1,1
193,37.4503,110.812,1,1,1
194,38.2406,110.788,1,1,1
195,39.0235,110.76,1,1,1
196,39.8044,110.731,1,1,1
197,40.5755,110.698,1,1,1
198,41.3483,110.662,1,1,1
199,42.1159,110.626,1,1,1
200,42.8761,110.594,1,1,1
201,43.6256,110.563,1,1,1
202,44.359,110.533,1,1,1
203,45.0737,110.502,1,1,1
204,45.7787,110.472,1,1,1
205,46.4792,110.441,1,1,1
206,47.1765,110.412,1,1,1
207,47.8711,110.382,1,1,1
208,48.5656,110.348,1,1,1
209,49.254,110.315,1,1,1
210,49.9395,110.289,1,1,1
211,50.6236,110.263,1,1,1
212,51.2989,110.229,1,1,1
213,51.9717,110.195,1,1,1
214,52.6411,110.164,1,1,1
215,53.3068,110.132,1,1,1
216,53.9664,110.084,1,1,1
217,54.6275,110.029,1,1,1
218,55.2967,109.976,1,1,1
219,55.9687,109.923,1,1,1
220,56.6451,109.86,1,1,0.875
221,57.3246,109.792,1,1,0
222,58.0125,109.725,1,1,0
223,58.7092,109.653,1,1,0
224,59.4186,109.576,1,1,0
225,60.1424,109.503,1,1,0
226,60.8681,109.43,1,1,0
227,61.5965,109.351,1,1,0
228,62.3294,109.265,1,1,0
229,63.07,109.174,1,1,0
230,63.8146,109.091,1,1,0
231,64.5634,109.014,1,1,0
232,65.3156,108.934,1,1,0
233,66.0597,108.857,1,1,0
234,66.8058,108.791,1,1,0
235,67.5462,108.72,1,1,0
236,68.2857,108.648,1,1,0
237,69.0248,108.567,1,1,0
238,69.7701,108.483,1,1,0
239,70.5194,108.398,1,1,0
240,71.2741,108.316,1,1,0
241,72.0277,108.228,1,1,0
242,72.787,108.144,1,1,0
243,73.5516,108.056,1,1,0
244,74.323,107.966,1,1,0
245,75.0981,107.874,1,1,0
246,75.8789,107.783,1,1,0
247,76.6636,107.685,1,1,0
248,77.4543,107.582,1,1,0
249,78.2494,107.483,1,1,0
250,79.0466,107.378,1,1,0
251,79.8488,107.269,1,1,0
252,80.6562,107.159,1,1,0
253,81.4741,107.049,1,1,0
254,82.2975,106.933,1,1,0
255,83.1285,106.823,1,1,0
256,83.9628,106.716,1,1,0
257,84.8016,106.609,1,1,0
258,85.6502,106.499,1,1,0
259,86.4992,106.39,1,1,0
260,87.3488,106.286,1,1,0
261,88.1956,106.18,1,1,0
262,89.0433,106.076,1,1,0
263,89.8949,105.978,1,1,0
264,90.7563,105.879,1,1,0
265,91.6216,105.777,1,1,0
266,92.4873,105.675,1,1,0
267,93.3471,105.574,1,1,0
268,94.2111,105.475,1,1,0
269,95.0744,105.372,1,1,0
270,95.9365,105.268,1,1,0
271,96.7909,105.166,1,1,0
272,97.6459,105.065,1,1,0
273,98.4989,104.97,1,1,0
274,99.352,104.878,1,1,0
275,100.202,104.788,1,1,0
276,101.043,104.696,1,1,0
277,101.878,104.606,1,1,0
278,102.708,104.511,1,1,0
279,103.536,104.414,1,1,0
280,104.361,104.315,1,1,0
281,105.178,104.216,1,1,0
282,105.991,104.117,1,1,0
283,106.798,104.021,1,1,0
284,107.603,103.926,1,1,0
285,108.401,103.83,1,1,0
286,109.192,103.731,1,1,0
287,109.977,103.631,1,1,0
288,110.757,103.531,1,1,0
289,111.535,103.427,1,1,0
290,112.308,103.32,1,1,0
291,113.078,103.211,1,1,0
292,113.842,103.109,1,1,0
293,114.599,103.004,1,1,0
294,115.357,102.887,1,1,0
295,116.117,102.766,1,1,0
296,116.883,102.65,1,1,0
297,117.639,102.533,1,1,0
298,118.386,102.411,1,1,0.125
299,119.131,102.295,1,1,0.125
300,119.873,102.178,1,1,0.125
301,120.611,102.053,1,1,0.25
302,121.346,101.931,1,1,0.375
303,122.079,101.812,1,1,0.375
304,122.813,101.684,1,1,0.5
305,123.547,101.547,1,1,0.625
306,124.273,101.408,1,1,0.625
307,124.997,101.269,1,1,0.75
308,125.712,101.126,1,1,0.875
309,126.425,100.975,1,1,1
310,127.132,100.811,1,1,1
311,127.837,100.64,1,1,1
312,128.537,100.456,1,1,1
313,129.235,100.265,1,1,1
314,129.927,100.066,1,1,1
315,130.618,99.8568,1,1,1
316,131.304,99.642,1,1,1
317,131.986,99.4321,1,1,1
318,132.668,99.2161,1,1,1
319,133.345,98.9927,1,1,1
320,134.017,98.7678,1,1,1
321,134.687,98.5535,1,1,1
322,135.347,98.3406,1,1,1
323,136.005,98.1349,1,1,1
324,136.66,97.9265,1,1,1
325,137.316,97.7184,1,1,1
326,137.966,97.5118,1,1,1
327,138.607,97.3144,1,1,1
328,139.243,97.1198,1,1,1
329,139.873,96.9265,1,1,1
330,140.503,96.7389,1,1,1
331,141.13,96.5545,1,1,1
332,141.752,96.3771,1,1,1
333,142.369,96.2044,1,1,1
334,142.983,96.0345,1,1,1
335,143.594,95.8635,1,1,1
336,144.202,95.6956,1,1,1
337,144.801,95.539,1,1,1
338,145.393,95.3907,1,1,1
339,145.98,95.2441,1,1,1
340,146.565,95.0991,1,1,1
341,147.143,94.965,1,1,1
342,147.725,94.8416,1,1,1
343,148.302,94.7184,1,1,1
344,148.878,94.6023,1,1,1
345,149.451,94.4979,1,1,1
346,150.022,94.4044,1,1,1
347,150.593,94.3247,1,1,1
348,151.16,94.251,1,1,1
349,151.729,94.1997,1,1,1
350,152.294,94.1654,1,1,1
351,152.854,94.1421,1,1,1
352,153.415,94.1304,1,1,1
353,153.973,94.1276,1,1,1
354,154.533,94.1327,1,1,1
355,155.089,94.1393,1,1,1
356,155.647,94.138,1,1,1
357,156.196,94.1206,1,1,1
358,156.743,94.0931,1,1,1
359,157.285,94.0524,1,1,1
360,157.821,94.0073,1,1,1
361,158.353,93.9601,1,1,1
362,158.879,93.9068,1,1,1
363,159.401,93.8382,1,1,1
364,159.916,93.7572,1,1,1
365,160.431,93.6692,1,1,1
366,160.939,93.5782,1,1,1
367,161.435,93.4852,1,1,1
368,161.931,93.3862,1,1,1
369,162.418,93.2763,1,1,1
370,162.899,93.161,1,1,1
371,163.379,93.0499,1,1,1
372,163.854,92.9387,1,1,1
373,164.332,92.8353,1,1,1
374,164.806,92.7289,1,1,1
375,165.278,92.6226,1,1,1
376,165.744,92.5132,1,1,1
377,166.209,92.412,1,1,1
378,166.675,92.2996,1,1,1
379,167.149,92.187,1,1,1
380,167.633,92.0695,1,1,0.875
381,168.125,91.9461,1,1,0.875
382,168.622,91.8103,1,1,0.875
383,169.126,91.6684,1,1,0.75
384,169.639,91.5263,1,1,0.875
385,170.158,91.3812,1,1,0.75
386,170.683,91.2259,1,1,0.875
387,171.214,91.0624,1,1,0.75
388,171.748,90.8965,1,1,0.75
389,172.29,90.7348,1,1,0.75
390,172.837,90.5691,1,1,0.75
391,173.387,90.397,1,1,0.75
392,173.933,90.2159,1,1,0.75
393,174.481,90.0352,1,1,0.75
394,175.029,89.8625,1,1,0.75
395,175.574,89.6877,1,1,0.75
396,176.116,89.5135,1,1,0.875
397,176.658,89.341,1,1,0.875
398,177.198,89.1739,1,1,1
399,177.737,89.009,1,1,1
400,178.272,88.8461,1,1,1
401,178.797,88.6899,1,1,1
402,179.316,88.5396,1,1,1
403,179.825,88.3945,1,1,1
404,180.322,88.2556,1,1,1
405,180.808,88.1232,1,1,1
406,181.282,87.9937,1,1,1
407,181.743,87.8686,1,1,1
408,182.186,87.7535,1,1,1
409,182.612,87.6509,1,1,1
410,183.026,87.5615,1,1,1
411,183.432,87.482,1,1,1
412,183.833,87.4098,1,1,1
413,184.232,87.3486,1,1,1
414,184.623,87.2937,1,1,1
415,185.02,87.2561,1,1,1
416,185.413,87.2336,1,1,1
417,185.804,87.2315,1,1,1
418,186.194,87.2442,1,1,1
419,186.57,87.2633,1,1,1
420,186.952,87.2978,1,1,1
421,187.332,87.3403,1,1,1
422,187.697,87.3858,1,1,1
423,188.069,87.4519,1,1,1
424,188.424,87.5259,1,1,1
425,188.788,87.6192,1,1,1
426,189.155,87.7286,1,1,1
427,189.51,87.8462,1,1,1
428,189.882,87.9926,1,1,1
429,190.234,88.1573,1,1,1
430,190.601,88.3538,1,1,1
431,190.949,88.5541,1,1,1
432,191.32,88.7816,1,1,1
433,191.693,89.0323,1,1,1
434,192.042,89.2922,1,1,1
435,192.411,89.6005,1,1,1
436,192.748,89.9295,1,1,1
437,193.103,90.2964,1,1,1
438,193.454,90.6845,1,1,1
439,193.78,91.0878,1,1,1
440,194.121,91.5289,1,1,1
441,194.438,91.9889,1,1,1
442,194.764,92.4855,1,1,1
443,195.072,93.0074,1,1,1
444,195.378,93.549,1,1,1
445,195.684,94.1217,1,1,1
446,195.976,94.7115,1,1,1
447,196.272,95.3271,1,1,1
448,196.562,95.957,1,1,1
449,196.852,96.6074,1,1,1
450,197.137,97.2774,1,1,1
451,197.418,97.9701,1,1,1
452,197.69,98.6823,1,1,1
453,197.95,99.4111,1,1,1
454,198.207,100.16,1,1,1
455,198.462,100.926,1,1,1
456,198.716,101.703,1,1,1
457,198.972,102.487,1,1,1
458,199.242,103.284,1,1,1
459,199.517,104.093,1,1,1
460,199.798,104.914,1,1,1
461,200.083,105.745,1,1,1
462,200.371,106.591,1,1,1
463,200.661,107.444,1,1,0.875
464,200.955,108.306,1,1,0.75
465,201.252,109.169,1,1,0.5
466,201.55,110.032,1,1,0.375
467,201.848,110.893,1,1,0.125
468,202.151,111.754,1,1,0
469,202.454,112.621,1,1,0
470,202.757,113.487,1,1,0
471,203.059,114.35,1,1,0
472,203.364,115.214,1,0.625,0.375
473,203.665,116.082,1,0.125,0.875
474,203.984,117,1,0,1
475,204.266,117.82,1,0,1
476,204.563,118.69,1,0,1
477,204.858,119.562,1,0,1
478,205.151,120.437,1,0,1
479,205.445,121.309,1,0,1
480,205.735,122.179,1,0,1
481,206.023,123.049,1,0,1
482,206.312,123.92,1,0,1
483,206.599,124.79,1,0,1
484,206.881,125.657,1,0,1
485,207.162,126.52,1,0,1
486,207.441,127.377,1,0,1
487,207.712,128.226,1,0,1
488,207.98,129.071,1,0,1
489,208.243,129.908,1,0,1
490,208.502,130.736,1,0,1
491,208.751,131.553,1,0,0.875
492,208.997,132.35,1,0,1
493,209.239,133.144,1,0,1
494,209.465,133.899,1,0,1
495,209.687,134.654,1,0,0.875
496,209.905,135.39,1,0,0.875
497,210.115,136.111,1,0,0.875
498,210.316,136.813,1,0,0.75
499,210.505,137.493,1,0,0.75
500,210.684,138.15,1,0,0.75
501,210.853,138.781,1,0,0.75
502,211.015,139.387,1,0,0.625
503,211.168,139.969,1,0,0.625
504,211.315,140.528,1,0,0.625
505,211.456,141.062,1,0,0.5
506,211.592,141.577,1,0,0.5
507,211.724,142.072,1,0,0.5
508,211.848,142.554,1,0,0.5
509,211.968,143.023,1,0,0.375
510,212.088,143.49,1,0,0.375
511,212.202,143.94,1,0,0.375
512,212.315,144.396,1,0,0.375
513,212.419,144.849,1,0,0.25
514,212.509,145.296,1,0,0.25
515,212.587,145.739,1,0,0.25
516,212.644,146.171,1,0,0.25
517,212.693,146.609,1,0,0.25
518,212.728,147.044,1,0,0.25
519,212.735,147.467,1,0,0.25
520,212.736,147.897,1,0,0.25
521,212.698,148.309,1,0,0.25
522,212.655,148.728,1,0,0.125
523,212.594,149.14,1,0,0.125
524,212.491,149.528,1,0,0.125
525,212.395,149.931,1,0,0.125
526,212.253,150.305,1,0,0.125
527,212.12,150.688,1,0,0.125
528,211.968,151.061,1,0,0.125
529,211.765,151.398,1,0,0.125
530,211.571,151.74,1,0,0.25
531,211.328,152.041,1,0,0.25
532,211.1,152.351,1,0,0.25
533,210.858,152.646,1,0,0.25
534,210.571,152.9,1,0,0.25
535,210.304,153.167,1,0,0.375
536,209.986,153.386,1,0,0.375
537,209.69,153.61,1,0,0.5
538,209.384,153.816,1,0,0.5
539,209.036,153.976,1,0,0.625
540,208.71,154.128,1,0,0.625
541,208.345,154.238,1,0,0.75
542,208.004,154.357,1,0,0.875
543,207.629,154.447,1,0,1
544,207.27,154.537,1,0,1
545,206.903,154.612,1,0,1
546,206.514,154.664,1,0,1
547,206.137,154.727,1,0,1
548,205.743,154.786,1,0,1
549,205.343,154.84,1,0,1
550,204.924,154.869,1,0,1
551,204.498,154.895,1,0,1
552,204.055,154.916,1,0,1
553,203.602,154.948,1,0,1
554,203.136,154.982,1,0,1
555,202.653,155.003,1,0,1
556,202.15,155.02,1,0,1
557,201.62,155.019,1,0,1
558,201.071,155.005,1,0,1
559,200.504,154.98,1,0,1
560,199.92,154.957,1,0,1
561,199.318,154.934,1,0,1
562,198.697,154.91,1,0,1
563,198.057,154.885,1,0,1
564,197.401,154.857,1,0,1
565,196.723,154.826,1,0,1
566,196.029,154.796,1,0,1
567,195.317,154.772,1,0,1
568,194.586,154.754,1,0,1
569,193.837,154.749,1,0,1
570,193.071,154.75,1,0,1
571,192.285,154.76,1,0,1
572,191.485,154.779,1,0,1
573,190.669,154.809,1,0,1
574,189.835,154.851,1,0,1
575,188.985,154.903,1,0,1
576,188.123,154.966,1,0,1
577,187.254,155.041,1,0,1
578,186.382,155.122,1,0,1
579,185.506,155.21,1,0,1
580,184.63,155.303,1,0,1
581,183.754,155.401,1,0,1
582,182.877,155.503,1,0,1
583,181.999,155.604,1,0,1
584,181.114,155.705,1,0,1
585,180.229,155.806,1,0,1
586,179.34,155.906,1,0,1
587,178.45,156.008,1,0,1
588,177.558,156.111,1,0,1
589,176.665,156.218,1,0,1
590,175.773,156.324,1,0,1
591,174.881,156.428,1,0,1
592,173.987,156.532,1,0,1
593,173.098,156.639,1,0,1
594,172.211,156.746,1,0,1
595,171.32,156.849,1,0,1
596,170.423,156.953,1,0,1
597,169.532,157.058,1,0,1
598,168.641,157.161,1,0,1
599,167.749,157.264,1,0,1
600,166.857,157.368,1,0,1
601,165.965,157.472,1,0,1
602,165.077,157.577,1,0,1
603,164.166,157.688,1,0,1
604,163.305,157.795,1,0,1
605,162.423,157.906,1,0,1
606,161.544,158.015,1,0,1
607,160.668,158.127,1,0,1
608,159.791,158.237,1,0,1
609,158.917,158.348,1,0,1
610,158.045,158.461,1,0,1
611,157.173,158.573,1,0,1
612,156.307,158.686,1,0,1
613,155.435,158.799,1,0,1
614,154.57,158.914,1,0,1
615,153.702,159.03,1,0,1
616,152.83,159.144,1,0,1
617,151.954,159.259,1,0,1
618,151.075,159.379,1,0,1
619,150.19,159.501,1,0,1
620,149.301,159.622,1,0,1
621,148.418,159.744,1,0,1
622,147.523,159.874,1,0,1
623,146.626,160.006,1,0,1
624,145.726,160.131,1,0,1
625,144.824,160.257,1,0,1
626,143.922,160.391,1,0,1
627,143.007,160.517,1,0,1
628,142.09,160.64,1,0,1
629,141.169,160.768,1,0,1
630,140.245,160.894,1,0,1
631,139.316,161.019,1,0,1
632,138.373,161.138,1,0,1
633,137.441,161.249,1,0,1
634,136.497,161.358,1,0,1
635,135.547,161.464,1,0,1
636,134.595,161.56,1,0,1
637,133.636,161.656,1,0,1
638,132.677,161.749,1,0,1
639,131.711,161.841,1,0,1
640,130.741,161.936,1,0,1
641,129.767,162.034,1,0,1
642,128.789,162.129,1,0,1
643,127.789,162.224,1,0,1
644,126.824,162.314,1,0,1
645,125.847,162.403,1,0,1
646,124.87,162.489,1,0,1
647,123.895,162.576,1,0,1
648,122.923,162.663,1,0,1
649,121.952,162.748,1,0,1
650,120.983,162.833,1,0,1
651,120.011,162.917,1,0,1
652,119.04,162.998,1,0,1
653,118.068,163.082,1,0,1
654,117.096,163.165,1,0,1
655,116.126,163.248,1,0,1
656,115.153,163.332,1,0,1
657,114.183,163.418,1,0,1
658,113.213,163.504,1,0,1
659,112.241,163.591,1,0,1
660,111.271,163.676,1,0,1
661,110.299,163.762,1,0,1
662,109.33,163.845,1,0,1
663,108.36,163.93,1,0,1
664,107.386,164.015,1,0,1
665,106.417,164.101,1,0,1
666,105.445,164.185,1,0,1
667,104.478,164.269,1,0,1
668,103.509,164.353,1,0,1
669,102.541,164.435,1,0,1
670,101.572,164.514,1,0,1
671,100.608,164.594,1,0,1
672,99.6444,164.672,1,0,1
673,98.6801,164.752,1,0,1
674,97.7162,164.836,1,0,1
675,96.7447,164.928,1,0,1
676,95.7795,165.025,1,0,1
677,94.8134,165.123,1,0,1
678,93.8493,165.223,1,0,1
679,92.8865,165.326,1,0,1
680,91.9184,165.427,1,0,1
681,90.9521,165.53,1,0,1
682,89.9719,165.637,1,0,1
683,89.0282,165.743,1,0,1
684,88.0654,165.851,1,0,1
685,87.0961,165.963,1,0,1
686,86.1262,166.075,1,0,1
687,85.1505,166.192,1,0,1
688,84.1841,166.305,1,0,1
689,83.2161,166.418,1,0,1
690,82.2426,166.531,1,0,1
691,81.2656,166.646,1,0,1
692,80.2869,166.754,1,0,1
693,79.3118,166.863,1,0,1
694,78.3389,166.974,1,0,1
695,77.3672,167.087,1,0,1
696,76.3933,167.202,1,0,1
697,75.4097,167.314,1,0,1
698,74.4248,167.427,1,0,1
699,73.4387,167.539,1,0,1
700,72.4561,167.648,1,0,1
701,71.4726,167.755,1,0,1
702,70.4852,167.863,1,0,1
703,69.4976,167.968,1,0,1
704,68.5083,168.07,1,0,1
705,67.5198,168.168,1,0,1
706,66.5297,168.262,1,0,1
707,65.5363,168.354,1,0,1
708,64.5409,168.442,1,0,1
709,63.5437,168.53,1,0,1
710,62.5421,168.615,1,0,1
711,61.5404,168.697,1,0,1
712,60.5389,168.778,1,0,1
713,59.5393,168.859,1,0,1
714,58.5372,168.941,1,0,1
715,57.536,169.021,1,0,1
716,56.5341,169.103,1,0,1
717,55.5339,169.185,1,0,1
718,54.5342,169.265,1,0,1
719,53.5363,169.343,1,0,1
720,52.5433,169.42,1,0,1
721,51.5499,169.495,1,0,1
722,50.5616,169.567,1,0,1
723,49.5719,169.64,1,0,1
724,48.5877,169.708,1,0,1
725,47.6118,169.776,1,0,1
726,46.6355,169.84,1,0,1
727,45.6609,169.901,1,0,1
728,44.6818,169.959,1,0,1
729,43.7101,170.017,1,0,1
730,42.7442,170.072,1,0,1
731,41.7818,170.125,1,0,1
732,40.8234,170.177,1,0,1
733,39.8647,170.228,1,0,1
734,38.9072,170.278,1,0,1
735,37.953,170.328,1,0,1
736,37.0042,170.377,1,0,1
737,36.0688,170.426,1,0,1
738,35.1329,170.474,1,0,1
739,34.2079,170.519,1,0,1
740,33.29,170.561,1,0,1
741,32.3853,170.603,1,0,1
742,31.4845,170.642,1,0,1
743,30.5818,170.679,1,0,1
744,29.7044,170.713,1,0,1
745,28.8259,170.746,1,0,1
746,27.9548,170.777,1,0,1
747,27.0934,170.807,1,0,1
748,26.2444,170.834,1,0,1
749,25.4055,170.857,1,0,1
750,24.5832,170.877,1,0,1
751,23.7758,170.897,1,0,1
752,22.9862,170.916,1,0,1
753,22.2093,170.938,1,0,1
754,21.4456,170.964,1,0,1
755,20.6909,170.994,1,0,1
756,19.9443,171.028,1,0,1
757,19.2061,171.065,1,0,1
758,18.4727,171.103,1,0,1
759,17.748,171.142,1,0,1
760,17.0282,171.183,1,0,1
761,16.3141,171.228,1,0,1
762,15.6068,171.273,1,0,1
763,14.8995,171.317,1,0,1
764,14.2232,171.36,1,0,1
765,13.5455,171.404,1,0,1
766,12.8758,171.447,1,0,1
767,12.2162,171.492,1,0,1
768,11.5681,171.54,1,0,1
769,10.9339,171.588,1,0,1
770,10.3137,171.638,1,0,1
771,9.70917,171.687,1,0,1
772,9.12053,171.74,1,0,1
773,8.55146,171.796,1,0,1
774,7.99864,171.854,1,0,1
775,7.46175,171.909,1,0,1
776,6.93851,171.966,1,0,1
777,6.43264,172.024,1,0,1
778,5.9412,172.09,1,0,1
779,5.46164,172.156,1,0,1
780,4.99536,172.228,1,0,1
781,4.54199,172.299,1,0,1
782,4.1011,172.376,1,0,1
783,3.67436,172.461,1,0,1
784,3.26275,172.549,1,0,1
785,2.86458,172.644,1,0,1
786,2.47555,172.739,1,0,1
787,2.10015,172.84,1,0,1
788,1.73714,172.944,1,0,1
789,1.3941,173.061,1,0,1
790,1.0667,173.186,1,0,1
791,0.749034,173.313,1,0,1
792,0.435287,173.449,1,0,1
793,0.124488,173.585,1,0,1
794,-0.194002,173.743,1,0,1
795,-0.481995,173.905,1,0,1
796,-0.774407,174.082,1,0,1
797,-1.05628,174.26,1,0,1
798,-1.32486,174.457,1,0,1
799,-1.58099,174.666,1,0,0.875
800,-1.82705,174.866,1,0,0.875
801,-2.06539,175.092,1,0,0.75
802,-2.29897,175.308,1,0,0.625
803,-2.53316,175.557,1,0,0.5
804,-2.7621,175.809,1,0,0.375
805,-2.984,176.102,1,0,0.25
806,-3.19765,176.414,1,1,0.875
807,-3.40846,176.72,1,1,1
808,-3.61363,177.056,1,1,1
809,-3.80931,177.392,1,1,1
810,-3.99476,177.764,1,1,1
811,-4.17251,178.135,1,1,1
812,-4.34195,178.538,1,1,1
813,-4.50601,178.952,1,1,1
814,-4.65889,179.398,1,1,1
815,-4.80267,179.873,1,1,1
816,-4.93093,180.367,1,1,1
817,-5.03712,180.879,1,1,1
818,-5.13238,181.397,1,1,1
819,-5.21269,181.953,1,1,1
820,-5.27335,182.524,1,1,1
821,-5.31934,183.105,1,1,1
822,-5.35152,183.715,1,1,1
823,-5.37439,184.332,1,1,1
824,-5.38621,184.972,1,1,1
825,-5.39232,185.625,1,1,1
826,-5.39418,186.293,1,1,1
827,-5.39249,186.981,1,1,1
828,-5.38794,187.683,1,1,1
829,-5.38074,188.4,1,1,1
830,-5.3739,189.128,1,1,1
831,-5.37215,189.872,1,1,1
832,-5.37608,190.633,1,1,1
833,-5.38351,191.407,1,1,1
834,-5.38659,192.193,1,1,1
835,-5.38856,192.984,1,1,1
836,-5.3974,193.782,1,1,1
837,-5.40602,194.585,1,1,1
838,-5.41488,195.395,1,1,1
839,-5.42512,196.207,1,1,1
840,-5.44044,197.018,1,1,1
841,-5.4507,197.828,1,1,1
842,-5.46379,198.639,1,1,1
843,-5.47598,199.457,1,1,1
844,-5.48971,200.28,1,1,1
845,-5.50283,201.108,1,1,1
846,-5.51484,201.934,1,1,1
847,-5.53031,202.76,1,1,1
848,-5.54606,203.584,1,1,1
849,-5.56006,204.407,1,1,1
850,-5.57464,205.23,1,1,1
851,-5.59592,206.049,1,1,1
852,-5.6168,206.864,1,1,1
853,-5.6384,207.676,1,1,1
854,-5.66336,208.488,1,1,1
855,-5.69212,209.294,1,1,1
856,-5.7197,210.095,1,1,1
857,-5.74662,210.888,1,1,1
858,-5.77568,211.678,1,1,1
859,-5.80704,212.46,1,1,1
860,-5.8361,213.232,1,1,1
861,-5.86077,213.99,1,1,1
862,-5.88549,214.732,1,1,1
863,-5.91233,215.454,1,1,1
864,-5.9409,216.159,1,1,1
865,-5.97002,216.847,1,1,1
866,-5.99631,217.516,1,1,1
867,-6.02328,218.169,1,1,1
868,-6.05376,218.804,1,1,1
869,-6.08427,219.412,1,1,1
870,-6.11459,220.001,1,1,1
871,-6.14573,220.567,1,1,1
872,-6.1781,221.114,1,1,1
873,-6.20908,221.641,1,1,1
874,-6.23967,222.147,1,1,1
875,-6.2677,222.631,1,1,1
876,-6.29009,223.095,1,1,1
877,-6.30844,223.545,1,1,1
878,-6.31985,223.988,1,1,1
879,-6.32374,224.427,1,1,1
880,-6.31942,224.867,1,1,1
881,-6.30439,225.299,1,1,1
882,-6.27433,225.732,1,1,1
883,-6.23617,226.152,1,1,1
884,-6.19086,226.569,1,1,1
885,-6.13226,226.985,1,1,1
886,-6.05534,227.383,1,1,1
887,-5.95913,227.787,1,1,1
888,-5.84254,228.167,1,1,1
889,-5.70541,228.552,1,1,1
890,-5.55735,228.91,1,1,1
891,-5.39245,229.278,1,1,1
892,-5.21527,229.621,1,1,1
893,-5.034,229.963,1,1,1
894,-4.84275,230.276,1,1,1
895,-4.63922,230.599,1,1,1
896,-4.4127,230.913,1,1,1
897,-4.1627,231.193,1,1,1
898,-3.8942,231.486,1,1,1
899,-3.61705,231.743,1,1,1
900,-3.33917,232.032,1,1,1
901,-3.05112,232.292,1,1,1
902,-2.73811,232.558,1,1,1
903,-2.39757,232.795,1,1,1
904,-2.03929,232.974,1,1,1
905,-1.66356,233.174,1,1,1
906,-1.27852,233.345,1,1,1
907,-0.874758,233.542,1,1,1
908,-0.435952,233.703,1,1,1
909,0.00239807,233.849,1,1,1
910,0.470349,233.981,1,1,1
911,0.952823,234.072,1,1,1
912,1.45182,234.167,1,1,1
913,1.96817,234.246,1,1,1
914,2.50406,234.327,1,1,1
915,3.06334,234.395,1,1,1
916,3.63315,234.447,1,1,1
917,4.21949,234.492,1,1,1
918,4.8184,234.522,1,1,1
919,5.43245,234.536,1,1,1
920,6.06874,234.536,1,1,1
921,6.71886,234.53,1,1,1
922,7.38999,234.522,1,1,1
923,8.0742,234.506,1,1,1
924,8.77187,234.477,1,1,1
925,9.48222,234.437,1,1,1
926,10.2063,234.393,1,1,1
927,10.95,234.353,1,1,1
928,11.714,234.319,1,1,1
929,12.4926,234.282,1,1,1
930,13.2837,234.243,1,1,1
931,14.0799,234.197,1,1,1
932,14.887,234.157,1,1,1
933,15.6982,234.114,1,1,1
934,16.5014,234.08,1,1,1
935,17.3047,234.044,1,1,1
936,18.1098,234.011,1,1,1
937,18.9182,233.981,1,1,1
938,19.7262,233.956,1,1,1
939,20.5389,233.937,1,1,1
940,21.3503,233.92,1,1,1
941,22.1668,233.908,1,1,1
942,23.0004,233.896,1,1,1
943,23.8119,233.893,1,1,1
944,24.6346,233.893,1,1,1
945,25.4545,233.896,1,1,1
946,26.2767,233.893,1,1,1
947,27.1013,233.893,1,1,1
948,27.9277,233.889,1,1,1
949,28.7547,233.888,1,1,1
950,29.5826,233.88,1,1,1
951,30.4079,233.872,1,1,1
952,31.2345,233.863,1,1,1
953,32.0587,233.86,1,1,1
954,32.8821,233.854,1,1,1
955,33.7038,233.849,1,1,1
956,34.5227,233.842,1,1,1
957,35.3385,233.829,1,1,1
958,36.1534,233.818,1,1,1
959,36.9686,233.805,1,1,1
960,37.7795,233.791,1,1,1
961,38.5853,233.772,1,1,1
962,39.3838,233.751,1,1,1
963,40.1794,233.727,1,1,1
964,40.9714,233.707,1,1,1
965,41.7628,233.684,1,1,1
966,42.5523,233.662,1,1,1
967,43.3372,233.643,1,1,1
968,44.1237,233.622,1,1,1
969,44.9078,233.596,1,1,1
970,45.6897,233.571,1,1,1
971,46.4584,233.547,1,1,1
972,47.2269,233.521,1,1,1
973,47.994,233.49,1,1,1
974,48.7585,233.462,1,1,1
975,49.5228,233.435,1,1,1
976,50.2844,233.411,1,1,1
977,51.0452,233.39,1,1,1
978,51.8031,233.37,1,1,1
979,52.557,233.346,1,1,1
980,53.3041,233.323,1,1,1
981,54.05,233.306,1,1,1
982,54.7957,233.283,1,1,1
983,55.5503,233.252,1,1,1
984,56.2806,233.226,1,1,1
985,57.0082,233.21,1,1,1
986,57.7232,233.181,1,1,0.625
987,58.4456,233.148,1,1,0.5
988,59.1737,233.123,1,1,0
989,59.9002,233.105,1,1,0
990,60.62,233.087,1,1,0
991,61.3337,233.066,1,1,0
992,62.0438,233.046,1,1,0
993,62.7505,233.037,1,1,0
994,63.4544,233.03,1,1,0
995,64.1522,233.017,1,1,0
996,64.8463,232.998,1,1,0
997,65.5395,232.98,1,1,0
998,66.2264,232.96,1,1,0
999,66.9079,232.934,1,1,0
1000,67.5853,232.908,1,1,0
1001,68.2591,232.886,1,1,0
1002,68.9275,232.867,1,1,0
1003,69.5855,232.849,1,1,0
1004,70.2381,232.832,1,1,0
1005,70.8877,232.815,1,1,0
1006,71.5363,232.796,1,1,0
1007,72.1822,232.777,1,1,0
1008,72.8257,232.758,1,1,0
1009,73.4682,232.746,1,1,0
1010,74.1035,232.726,1,1,0
1011,74.7379,232.699,1,1,0
1012,75.3666,232.67,1,1,0
1013,75.9935,232.647,1,1,0
1014,76.6184,232.622,1,1,0
1015,77.2393,232.591,1,1,0
1016,77.8618,232.553,1,1,0
1017,78.4878,232.513,1,1,0
1018,79.121,232.473,1,1,0
1019,79.7635,232.427,1,1,0
1020,80.4154,232.376,1,1,0
1021,81.0785,232.319,1,1,0
1022,81.7458,232.254,1,1,0
1023,82.4231,232.188,1,1,0
1024,83.1116,232.123,1,1,0
1025,83.8127,232.052,1,1,0
1026,84.5244,231.97,1,1,0
1027,85.2431,231.882,1,1,0
1028,85.9696,231.795,1,1,0
1029,86.7091,231.7,1,1,0
1030,87.4664,231.598,1,1,0
1031,88.2377,231.491,1,1,0
1032,89.0241,231.38,1,1,0
1033,89.8255,231.264,1,1,0
1034,90.6385,231.144,1,1,0
1035,91.4678,231.021,1,1,0
1036,92.3083,230.899,1,1,0
1037,93.1707,230.775,1,1,0
1038,94.0246,230.649,1,1,0
1039,94.9009,230.52,1,1,0
1040,95.7977,230.39,1,1,0
1041,96.7043,230.258,1,1,0
1042,97.6241,230.132,1,1,0
1043,98.5563,230.008,1,1,0
1044,99.5003,229.89,1,1,0
1045,100.455,229.778,1,1,0
1046,101.418,229.673,1,1,0
1047,102.391,229.569,1,1,0
1048,103.377,229.468,1,1,0
1049,104.369,229.376,1,1,0
1050,105.359,229.285,1,1,0
1051,106.348,229.193,1,1,0
1052,107.341,229.105,1,1,0
1053,108.345,229.013,1,1,0
1054,109.35,228.921,1,1,0
1055,110.358,228.826,1,1,0
1056,111.363,228.735,1,1,0
1057,112.367,228.65,1,1,0
1058,113.366,228.564,1,1,0
1059,114.373,228.478,1,1,0
1060,115.372,228.394,1,1,0
1061,116.359,228.311,1,1,0
1062,117.36,228.229,1,1,0
1063,118.355,228.153,1,1,0
1064,119.348,228.077,1,1,0
1065,120.339,228.001,1,1,0
1066,121.331,227.93,1,1,0
1067,122.323,227.863,1,1,0
1068,123.309,227.797,1,1,0
1069,124.289,227.734,1,1,0
1070,125.266,227.678,1,1,0
1071,126.241,227.623,1,1,0
1072,127.217,227.574,1,1,0
1073,128.192,227.527,1,1,0
1074,129.152,227.477,1,1,0
1075,130.11,227.426,1,1,0
1076,131.064,227.375,1,1,0
1077,132.013,227.319,1,1,0
1078,132.962,227.26,1,1,0
1079,133.91,227.207,1,1,0
1080,134.854,227.155,1,1,0
1081,135.796,227.099,1,1,0
1082,136.725,227.043,1,1,0
1083,137.658,226.984,1,1,0
1084,138.59,226.919,1,1,0
1085,139.517,226.851,1,1,0
1086,140.442,226.781,1,1,0
1087,141.363,226.703,1,1,0
1088,142.285,226.624,1,1,0
1089,143.209,226.535,1,1,0
1090,144.133,226.441,1,1,0
1091,145.056,226.346,1,1,0
1092,145.977,226.238,1,1,0
1093,146.902,226.123,1,1,0
1094,147.826,225.996,1,1,0
1095,148.746,225.863,1,1,0
1096,149.665,225.721,1,1,0
1097,150.587,225.568,1,1,0
1098,151.519,225.403,1,1,0
1099,152.426,225.231,1,1,0
1100,153.345,225.052,1,1,0
1101,154.266,224.859,1,1,0
1102,155.186,224.651,1,1,0.125
1103,156.104,224.435,1,1,0.25
1104,157.018,224.208,1,1,0.375
1105,157.937,223.974,1,1,0.5
1106,158.853,223.736,1,1,0.625
1107,159.77,223.494,1,1,0.75
1108,160.685,223.256,1,1,0.875
1109,161.603,223.016,1,1,1
1110,162.519,222.782,1,1,1
1111,163.439,222.554,1,1,1
1112,164.366,222.328,1,1,1
1113,165.293,222.111,1,1,1
1114,166.214,221.9,1,1,1
1115,167.135,221.701,1,1,1
1116,168.052,221.507,1,1,1
1117,168.971,221.32,1,1,1
1118,169.891,221.142,1,1,1
1119,170.813,220.973,1,1,1
1120,171.738,220.808,1,1,1
1121,172.652,220.646,1,1,1
1122,173.565,220.491,1,1,1
1123,174.47,220.341,1,1,1
1124,175.365,220.191,0.875,1,1
1125,176.246,220.043,0.75,1,1
1126,177.119,219.901,0.625,1,1
1127,177.979,219.765,0.5,1,1
1128,178.819,219.634,0.375,1,1
1129,179.64,219.506,0.25,1,1
1130,180.449,219.376,0.125,1,1
1131,181.257,219.252,0,1,1
1132,182.065,219.131,0,1,1
1133,182.872,219.01,0,1,1
1134,183.679,218.884,0,1,1
1135,184.483,218.757,0,1,1
1136,185.286,218.629,0,1,1
1137,186.087,218.498,0,1,1
1138,186.883,218.363,0,1,1
1139,187.673,218.229,0,1,1
1140,188.455,218.1,0,1,1
1141,189.238,217.971,0,1,1
1142,190.021,217.841,0,1,1
1143,190.804,217.716,0,1,1
1144,191.582,217.6,0,1,1
1145,192.361,217.486,0,1,1
1146,193.141,217.374,0,1,1
1147,193.905,217.266,0,1,1
1148,194.669,217.159,0,1,1
1149,195.432,217.055,0,1,1
1150,196.195,216.954,0,1,1
1151,196.962,216.856,0,1,1
1152,197.728,216.759,0,1,1
1153,198.485,216.667,0,1,1
1154,199.233,216.576,0,1,1
1155,199.972,216.486,0,1,1
1156,200.697,216.403,0,1,1
1157,201.407,216.321,0,1,1
1158,202.099,216.238,0,1,1
1159,202.77,216.153,0,1,1
1160,203.42,216.072,0,1,1
1161,204.042,215.996,0,1,1
1162,204.639,215.925,0,1,1
1163,205.206,215.85,0,1,1
1164,205.75,215.775,0,1,1
1165,206.268,215.704,0,1,1
1166,206.764,215.642,0,1,1
1167,207.241,215.583,0,1,1
1168,207.704,215.519,0,1,1
1169,208.163,215.447,0,1,1
1170,208.613,215.38,0,1,1
1171,209.06,215.309,0,1,1
1172,209.5,215.243,0,1,1
1173,209.946,215.165,0,1,1
1174,210.35,215.091,0,1,1
1175,210.751,215.017,0,1,1
1176,211.132,214.943,0,1,1
1177,211.491,214.875,0,1,1
1178,211.825,214.809,0,1,1
1179,212.137,214.745,0,1,1
1180,212.447,214.677,0,1,1
1181,212.755,214.608,0,1,1
1182,213.062,214.535,0,1,1
1183,213.365,214.463,0,1,1
1184,213.665,214.387,0,1,1
1185,213.959,214.314,0,1,1
1186,214.254,214.24,0.125,1,0.875
1187,214.541,214.167,0.25,1,0.75
1188,214.824,214.089,0.25,1,0.75
1189,215.109,214.009,0.375,1,0.625
1190,215.396,213.924,0.5,1,0.5
1191,215.688,213.835,0.5,1,0.5
1192,215.978,213.736,0.625,1,0.375
1193,216.274,213.633,0.75,1,0.25
1194,216.575,213.527,0.875,1,0.125
1195,216.878,213.413,0.875,1,0.125
1196,217.185,213.294,1,1,0
1197,217.491,213.158,1,1,0
1198,217.808,213.016,1,1,0
1199,218.126,212.861,1,1,0
1200,218.457,212.701,1,1,0
1201,218.789,212.521,1,1,0
1202,219.132,212.333,1,1,0
1203,219.481,212.125,1,1,0
1204,219.819,211.889,1,1,0
1205,220.171,211.644,1,1,0
1206,220.512,211.371,1,1,0
1207,220.866,211.092,1,1,0
1208,221.207,210.779,1,1,0
1209,221.551,210.459,1,1,0
1210,221.895,210.117,1,1,0
1211,222.22,209.742,1,1,0
1212,222.556,209.363,1,1,0
1213,222.873,208.952,1,1,0
1214,223.184,208.536,1,1,0
1215,223.474,208.083,1,1,0
1216,223.767,207.624,1,1,0
1217,224.051,207.148,1,1,0
1218,224.313,206.641,1,1,0
1219,224.572,206.128,1,1,0
1220,224.808,205.586,1,1,0.125
1221,225.045,205.038,1,1,0.125
1222,225.247,204.454,1,1,0.125
1223,225.438,203.865,1,1,0.125
1224,225.611,203.26,1,1,0.125
1225,225.753,202.631,1,1,0.125
1226,225.886,202.005,1,1,0.125
1227,225.97,201.35,1,1,0.125
1228,226.041,200.7,1,1,0.125
1229,226.092,200.045,1,1,0.125
1230,226.11,199.367,0.875,0.875,0.25
1231,226.114,198.696,0.625,0.625,0.375
1232,226.084,198.001,0.5,0.5,0.375
1233,226.043,197.305,0.625,0.375,0.375
1234,225.976,196.591,0.75,0.25,0.375
1235,225.9,195.878,1,0,0.625
1236,225.808,195.16,1,0,0.625
1237,225.694,194.431,1,0,0.625
1238,225.571,193.7,1,0,0.625
1239,225.43,192.957,1,0,0.625
1240,225.277,192.215,1,0,0.625
1241,225.105,191.464,1,0,0.625
1242,224.917,190.708,1,0,0.625
1243,224.717,189.948,1,0,0.5
1244,224.502,189.19,1,0,0.5
1245,224.27,188.432,1,0,0.5
1246,224.03,187.671,1,0,0.5
1247,223.779,186.899,1,0,0.5
1248,223.515,186.122,1,0,0.5
1249,223.236,185.337,1,0,0.5
1250,222.95,184.556,1,0,0.5
1251,222.66,183.771,1,0,0.5
1252,222.372,182.981,1,0,0.5
1253,222.081,182.189,1,0,0.5
1254,221.783,181.391,1,0,0.5
1255,221.48,180.578,1,0,0.375
1256,221.19,179.799,1,0,0.375
1257,220.892,178.999,1,0,0.375
1258,220.596,178.197,1,0,0.375
1259,220.307,177.397,1,0,0.375
1260,220.021,176.587,1,0,0.375
1261,219.751,175.796,1,0,0.375
1262,219.483,174.996,1,0,0.25
1263,219.224,174.2,1,0,0.25
1264,218.969,173.408,1,0,0.25
1265,218.721,172.617,1,0,0.25
1266,218.482,171.835,1,0,0.125
1267,218.254,171.065,1,0,0.125
1268,218.032,170.309,1,0,0.125
1269,217.819,169.569,1,0,0.125
1270,217.612,168.845,1,0,0
1271,217.409,168.132,1,0,0
1272,217.217,167.459,1,0,0
1273,217.026,166.792,1,0,0
1274,216.836,166.133,1,0,0
1275,216.651,165.492,1,0,0
1276,216.473,164.884,1,0,0
1277,216.293,164.277,1,0,0
1278,216.111,163.683,1,0,0
1279,215.938,163.124,1,0,0
1280,215.757,162.56,1,0,0
1281,215.578,162.017,1,0,0
1282,215.393,161.479,1,0,0
1283,215.198,160.946,1,0,0
1284,214.999,160.43,1,0,0
1285,214.787,159.923,1,0,0
1286,214.57,159.44,1,0,0
1287,214.345,158.976,1,0,0
1288,214.101,158.518,1,0,0
1289,213.854,158.088,1,0,0
1290,213.574,157.663,1,0,0
1291,213.292,157.272,1,0,0
1292,212.971,156.885,1,0,0
1293,212.661,156.533,1,0,0
1294,212.307,156.182,1,0,0
1295,211.965,155.873,1,0,0
1296,211.583,155.56,1,0,0
1297,211.22,155.29,1,0,0
1298,210.844,155.044,1,0,0
1299,210.427,154.805,1,0,0
1300,210.025,154.61,1,0,0
1301,209.587,154.41,1,0,0
1302,209.163,154.246,1,0,0.125
1303,208.699,154.084,1,0,0.375
1304,208.249,153.969,1,0,0.375
1305,207.764,153.857,1,0,0.5
1306,207.289,153.779,1,0,0.625
1307,206.799,153.714,1,0,0.875
1308,206.281,153.652,1,0,1
1309,205.762,153.62,1,0,1
1310,205.214,153.591,1,0,1
1311,204.678,153.573,1,0,1
1312,204.109,153.563,1,0,1
1313,203.557,153.566,1,0,1
1314,202.976,153.576,1,0,1
1315,202.379,153.589,1,0,1
1316,201.759,153.616,1,0,1
1317,201.14,153.65,1,0,1
1318,200.497,153.69,1,0,1
1319,199.842,153.738,1,0,1
1320,199.176,153.795,1,0,1
1321,198.495,153.861,1,0,1
1322,197.802,153.931,1,0,1
1323,197.094,154.001,1,0,1
1324,196.372,154.07,1,0,1
1325,195.635,154.138,1,0,1
1326,194.884,154.206,1,0,1
1327,194.124,154.276,1,0,1
1328,193.347,154.35,1,0,1
1329,192.56,154.428,1,0,1
1330,191.761,154.507,1,0,1
1331,190.949,154.591,1,0,1
1332,190.124,154.677,1,0,1
1333,189.288,154.765,1,0,1
1334,188.44,154.855,1,0,1
1335,187.577,154.946,1,0,1
1336,186.708,155.043,1,0,1
1337,185.823,155.145,1,0,1
1338,184.929,155.251,1,0,1
1339,184.027,155.361,1,0,1
1340,183.116,155.476,1,0,1
1341,182.198,155.595,1,0,1
1342,181.272,155.712,1,0,1
1343,180.34,155.828,1,0,1
1344,179.402,155.945,1,0,1
1345,178.461,156.059,1,0,1
1346,177.517,156.174,1,0,1
1347,176.57,156.287,1,0,1
1348,175.624,156.401,1,0,1
1349,174.679,156.512,1,0,1
1350,173.734,156.624,1,0,1
1351,172.794,156.735,1,0,1
1352,171.846,156.845,1,0,1
1353,170.901,156.954,1,0,1
1354,169.956,157.068,1,0,1
1355,169.016,157.182,1,0,1
1356,168.082,157.295,1,0,1
1357,167.148,157.41,1,0,1
1358,166.216,157.525,1,0,1
1359,165.285,157.641,1,0,1
1360,164.357,157.756,1,0,1
1361,163.431,157.872,1,0,1
1362,162.507,157.988,1,0,1
1363,161.586,158.104,1,0,1
1364,160.665,158.219,1,0,1
1365,159.747,158.333,1,0,1
1366,158.826,158.448,1,0,1
1367,157.906,158.565,1,0,1
1368,156.985,158.681,1,0,1
1369,156.06,158.797,1,0,1
1370,155.139,158.913,1,0,1
1371,154.216,159.032,1,0,1
1372,153.294,159.152,1,0,1
1373,152.368,159.274,1,0,1
1374,151.44,159.4,1,0,1
1375,150.51,159.529,1,0,1
1376,149.575,159.66,1,0,1
1377,148.641,159.793,1,0,1
1378,147.703,159.93,1,0,1
1379,146.76,160.072,1,0,1
1380,145.814,160.206,1,0,1
1381,144.868,160.34,1,0,1
1382,143.921,160.479,1,0,1
1383,142.964,160.61,1,0,1
1384,142.001,160.739,1,0,1
1385,141.031,160.869,1,0,1
1386,140.057,160.997,1,0,1
1387,139.074,161.121,1,0,1
1388,138.086,161.237,1,0,1
1389,137.092,161.348,1,0,1
1390,136.081,161.455,1,0,1
1391,135.077,161.554,1,0,1
1392,134.059,161.649,1,0,1
1393,133.044,161.745,1,0,1
1394,132.024,161.839,1,0,1
1395,130.994,161.935,1,0,1
1396,129.955,162.035,1,0,1
1397,128.911,162.134,1,0,1
1398,127.859,162.234,1,0,1
1399,126.807,162.331,1,0,1
1400,125.744,162.427,1,0,1
1401,124.684,162.52,1,0,1
1402,123.621,162.614,1,0,1
1403,122.556,162.707,1,0,1
1404,121.492,162.799,1,0,1
1405,120.428,162.892,1,0,1
1406,119.361,162.986,1,0,1
1407,118.297,163.082,1,0,1
1408,117.233,163.18,1,0,1
1409,116.167,163.278,1,0,1
1410,115.103,163.378,1,0,1
1411,114.041,163.476,1,0,1
1412,112.976,163.574,1,0,1
1413,111.913,163.673,1,0,1
1414,110.848,163.771,1,0,1
1415,109.786,163.869,1,0,1
1416,108.724,163.967,1,0,1
1417,107.659,164.063,1,0,1
1418,106.597,164.16,1,0,1
1419,105.531,164.254,1,0,1
1420,104.468,164.349,1,0,1
1421,103.407,164.444,1,0,1
1422,102.344,164.537,1,0,1
1423,101.282,164.63,1,0,1
1424,100.222,164.728,1,0,1
1425,99.1616,164.826,1,0,1
1426,98.0992,164.929,1,0,1
1427,97.0303,165.043,1,0,1
1428,95.9595,165.165,1,0,1
1429,94.891,165.287,1,0,1
1430,93.8189,165.416,1,0,1
1431,92.7469,165.548,1,0,1
1432,91.6754,165.68,1,0,1
1433,90.5999,165.817,1,0,1
1434,89.5265,165.956,1,0,1
1435,88.4542,166.096,1,0,1
1436,87.3771,166.238,1,0,1
1437,86.2979,166.381,1,0,1
1438,85.2104,166.528,1,0,1
1439,84.1229,166.674,1,0,1
1440,83.0336,166.817,1,0,1
1441,81.9441,166.96,1,0,1
1442,80.8405,167.102,1,0,1
1443,79.737,167.239,1,0,1
1444,78.6334,167.373,1,0,1
1445,77.5344,167.504,1,0,1
1446,76.4272,167.63,1,0,1
1447,75.3098,167.751,1,0,1
1448,74.1784,167.871,1,0,1
1449,73.0503,167.986,1,0,1
1450,71.9185,168.097,1,0,1
1451,70.781,168.206,1,0,1
1452,69.6409,168.315,1,0,1
1453,68.4961,168.424,1,0,1
1454,67.3486,168.533,1,0,1
1455,66.1944,168.637,1,0,1
1456,65.0396,168.738,1,0,1
1457,63.8774,168.835,1,0,1
1458,62.7103,168.931,1,0,1
1459,61.5417,169.023,1,0,1
1460,60.3757,169.113,1,0,1
1461,59.2144,169.2,1,0,1
1462,58.0516,169.284,1,0,1
1463,56.8918,169.366,1,0,1
1464,55.7346,169.447,1,0,1
1465,54.5777,169.525,1,0,1
1466,53.4241,169.604,1,0,1
1467,52.272,169.682,1,0,1
1468,51.1248,169.756,1,0,1
1469,49.9764,169.831,1,0,1
1470,48.8335,169.903,1,0,1
1471,47.6999,169.976,1,0,1
1472,46.5642,170.046,1,0,1
1473,45.4319,170.116,1,0,1
1474,44.2994,170.187,1,0,1
1475,43.1739,170.254,1,0,1
1476,42.0516,170.315,1,0,1
1477,40.9451,170.374,1,0,1
1478,39.8392,170.43,1,0,1
1479,38.7424,170.483,1,0,1
1480,37.663,170.533,1,0,1
1481,36.5922,170.583,1,0,1
1482,35.5353,170.63,1,0,1
1483,34.4941,170.674,1,0,1
1484,33.4627,170.718,1,0,1
1485,32.4609,170.758,1,0,1
1486,31.4654,170.795,1,0,1
1487,30.4883,170.829,1,0,1
1488,29.527,170.863,1,0,1
1489,28.5778,170.895,1,0,1
1490,27.6503,170.927,1,0,1
1491,26.7363,170.955,1,0,1
1492,25.8387,170.981,1,0,1
1493,24.9603,171.007,1,0,1
1494,24.0966,171.032,1,0,1
1495,23.2529,171.061,1,0,1
1496,22.4175,171.094,1,0,1
1497,21.5995,171.132,1,0,1
1498,20.7912,171.174,1,0,1
1499,20.0207,171.24,1,0,1
1500,19.3166,171.345,1,0,1
1501,18.6117,171.449,1,0,1
1502,17.9067,171.554,1,0,1
1503,17.2018,171.658,1,0,1
1504,16.4979,171.763,1,0,1
1505,15.7942,171.867,1,0,1
1506,15.0898,171.971,1,0,1
1507,14.3862,172.076,1,0,1
1508,13.6829,172.18,1,0,1
1509,12.9804,172.284,1,0,1
1510,12.2772,172.388,1,0,1
1511,11.5748,172.492,1,0,1
1512,10.8724,172.596,1,0,1
1513,10.1702,172.7,1,0,1
1514,9.44211,172.806,1,0,1
1515,8.83819,172.908,1,0,1
1516,8.25153,173.002,1,0,1
1517,7.68223,173.094,1,0,1
1518,7.13235,173.177,1,0,1
1519,6.60505,173.254,1,0,1
1520,6.09518,173.323,1,0,1
1521,5.61129,173.387,1,0,1
1522,5.15088,173.446,1,0,1
1523,4.71774,173.499,1,0,1
1524,4.30937,173.544,1,0,1
1525,3.92563,173.583,1,0,1
1526,3.5688,173.62,1,0,1
1527,3.23742,173.652,1,0,1
1528,2.92919,173.68,1,0,1
1529,2.64161,173.705,1,0,1
1530,2.37584,173.73,1,0,1
1531,2.13064,173.753,1,0,1
1532,1.89963,173.776,1,0,1
1533,1.67955,173.799,1,0,1
1534,1.46576,173.819,1,0,1
1535,1.25862,173.839,1,0,1
1536,1.05692,173.86,1,0,1
1537,0.859618,173.879,1,0,1
1538,0.663087,173.895,1,0,1
1539,0.465217,173.909,1,0,1
1540,0.266755,173.925,1,0,1
1541,0.0686383,173.944,1,0,1
1542,-0.12803,173.962,1,0,1
1543,-0.324786,173.978,1,0,1
1544,-0.522732,173.992,1,0,0.875
1545,-0.72023,174.003,1,0,0.75
1546,-0.917514,174.013,1,0,0.875
1547,-1.11827,174.019,1,0,0.875
1548,-1.33059,174.024,1,0,0.75
1549,-1.5594,174.032,1,0,0.625
1550,-1.80979,174.043,1,0,0.5
1551,-2.08043,174.055,1,0,0.5
1552,-2.36959,174.068,1,0,0.375
1553,-2.67389,174.082,1,0,0.375
1554,-2.99758,174.095,1,0,0.25
1555,-3.33969,174.105,1,0,0.25
1556,-3.70809,174.113,1,0,0.125
1557,-4.09864,174.121,1,0,0
1558,-4.51292,174.132,1,0,0
1559,-4.95345,174.148,1,0,0
1560,-5.41652,174.168,1,0,0
1561,-5.90432,174.187,1,0,0
1562,-6.41014,174.204,1,0,0
1563,-6.93604,174.228,1,0,0
1564,-7.4782,174.263,1,0,0
1565,-8.03419,174.303,1,0,0
1566,-8.60936,174.34,1,0,0
1567,-9.20589,174.363,1,0,0
1568,-9.8247,174.383,1,0,0
1569,-10.464,174.413,1,0,0
1570,-11.1247,174.452,1,0,0
1571,-11.8035,174.479,1,0,0
1572,-12.4942,174.495,1,0,0
1573,-13.2002,174.511,1,0,0
1574,-13.9191,174.528,1,0,0
1575,-14.6626,174.544,1,0,0
1576,-15.431,174.568,1,0,0
1577,-16.2223,174.591,1,0,0
1578,-17.0285,174.613,1,0,0
1579,-17.8414,174.628,1,0,0
1580,-18.6741,174.642,1,0,0
1581,-19.5155,174.657,1,0,0
1582,-20.3819,174.671,1,0,0
1583,-21.263,174.681,1,0,0
1584,-22.1532,174.695,1,0,0
1585,-23.0541,174.711,1,0,0
1586,-23.9675,174.723,1,0,0
1587,-24.8917,174.737,1,0,0
1588,-25.8252,174.752,1,0,0
1589,-26.7703,174.768,1,0,0
1590,-27.7285,174.788,1,0,0
1591,-28.6979,174.812,1,0,0
1592,-29.6806,174.84,1,0,0
1593,-30.6688,174.869,1,0,0
1594,-31.6643,174.901,1,0,0
1595,-32.6663,174.935,1,0,0
1596,-33.6711,174.97,1,0,0
1597,-34.6865,175.005,1,0,0
1598,-35.7078,175.04,1,0,0
1599,-36.7347,175.075,1,0,0
1600,-37.765,175.105,1,0,0
1601,-38.8036,175.134,1,0,0
1602,-39.8436,175.166,1,0,0
1603,-40.8948,175.196,1,0,0
1604,-41.9484,175.221,1,0,0
1605,-43.0012,175.252,1,0,0
1606,-44.0619,175.286,1,0,0
1607,-45.1225,175.319,1,0,0
1608,-46.1849,175.352,1,0,0
1609,-47.2482,175.385,1,0,0
1610,-48.3095,175.415,1,0,0
1611,-49.3744,175.443,1,0,0
1612,-50.4329,175.47,1,0,0
1613,-51.4931,175.499,1,0,0
1614,-52.5574,175.526,1,0,0
1615,-53.6266,175.558,1,0,0
1616,-54.6955,175.588,1,0,0
1617,-55.7576,175.616,1,0,0
1618,-56.813,175.643,1,0,0
1619,-57.868,175.673,1,0,0
1620,-58.9259,175.703,1,0,0
1621,-59.9921,175.737,1,0,0
1622,-61.0609,175.769,1,0,0
1623,-62.1301,175.805,1,0,0
1624,-63.1968,175.839,1,0,0
1625,-64.2632,175.874,1,0,0
1626,-65.3281,175.907,1,0,0
1627,-66.3942,175.939,1,0,0
1628,-67.4659,175.972,1,0,0
1629,-68.5377,176.003,1,0,0
1630,-69.6132,176.031,1,0,0
1631,-70.6808,176.058,1,0,0
1632,-71.7492,176.081,1,0,0
1633,-72.8196,176.103,1,0,0
1634,-73.8957,176.124,1,0,0
1635,-74.9765,176.146,1,0,0
1636,-76.0576,176.171,1,0,0
1637,-77.134,176.196,1,0,0
1638,-78.2088,176.218,1,0,0
1639,-79.2874,176.234,1,0,0
1640,-80.367,176.244,1,0,0
1641,-81.4471,176.258,1,0,0
1642,-82.5276,176.27,1,0,0
1643,-83.6095,176.28,1,0,0
1644,-84.6922,176.291,1,0,0
1645,-85.773,176.293,1,0,0
1646,-86.8527,176.293,1,0.125,0
1647,-87.9368,176.289,1,0.125,0
1648,-89.0247,176.283,1,0.25,0
1649,-90.1181,176.27,1,0.375,0
1650,-91.2113,176.258,1,0.5,0
1651,-92.3025,176.241,1,0.625,0
1652,-93.3931,176.225,1,0.75,0
1653,-94.4844,176.205,1,0.875,0
1654,-95.5735,176.181,1,0.875,0
1655,-96.659,176.154,1,1,0
1656,-97.757,176.122,1,1,0
1657,-98.854,176.087,1,1,0
1658,-99.9488,176.047,1,1,0
1659,-101.045,176.004,1,1,0.125
1660,-102.143,175.959,1,1,0.25
1661,-103.24,175.913,1,1,0.375
1662,-104.339,175.862,1,1,0.5
1663,-105.437,175.81,1,1,0.625
1664,-106.54,175.752,1,1,0.75
1665,-107.64,175.695,1,1,0.875
1666,-108.74,175.637,1,1,1
1667,-109.844,175.581,1,1,1
1668,-110.949,175.52,1,1,1
1669,-112.058,175.46,1,1,1
1670,-113.162,175.393,1,1,1
1671,-114.268,175.326,1,1,1
1672,-115.376,175.259,1,1,1
1673,-116.488,175.192,1,1,1
1674,-117.599,175.123,1,1,1
1675,-118.71,175.055,1,1,1
1676,-119.827,174.985,1,1,1
1677,-120.943,174.923,1,1,1
1678,-122.062,174.857,1,1,1
1679,-123.176,174.788,1,1,1
1680,-124.294,174.719,1,1,1
1681,-125.413,174.649,1,1,1
1682,-126.535,174.574,1,1,1
1683,-127.663,174.506,1,1,1
1684,-128.791,174.438,1,1,1
1685,-129.919,174.366,1,1,1
1686,-131.049,174.295,1,1,1
1687,-132.18,174.222,1,1,1
1688,-133.309,174.148,1,1,1
1689,-134.443,174.072,1,1,1
1690,-135.575,173.996,1,1,1
1691,-136.71,173.924,1,1,1
1692,-137.847,173.848,1,1,1
1693,-138.982,173.775,1,1,1
1694,-140.122,173.706,1,1,1
1695,-141.262,173.635,1,1,1
1696,-142.399,173.566,1,1,1
1697,-143.536,173.492,1,1,1
1698,-144.675,173.416,1,1,1
1699,-145.816,173.338,1,1,1
1700,-146.96,173.26,1,1,1
1701,-148.093,173.189,1,1,1
1702,-149.232,173.117,1,1,1
1703,-150.368,173.044,1,1,1
1704,-151.507,172.967,1,1,1
1705,-152.637,172.888,1,1,1
1706,-153.767,172.808,1,1,1
1707,-154.902,172.728,1,1,1
1708,-156.043,172.649,1,1,1
1709,-157.17,172.571,1,1,1
1710,-158.293,172.495,1,1,1
1711,-159.403,172.411,1,1,1
1712,-160.514,172.33,1,1,1
1713,-161.632,172.25,1,1,1
1714,-162.753,172.174,1,1,1
1715,-163.869,172.098,1,1,1
1716,-164.975,172.023,1,1,1
1717,-166.074,171.945,1,1,1
1718,-167.158,171.875,1,1,1
1719,-168.236,171.803,1,1,1
1720,-169.32,171.734,1,1,1
1721,-170.414,171.663,1,1,1
1722,-171.502,171.597,1,1,1
1723,-172.571,171.521,1,1,1
1724,-173.622,171.442,1,1,1
1725,-174.668,171.36,1,1,1
1726,-175.684,171.284,1,1,1
1727,-176.714,171.208,1,1,1
1728,-177.746,171.132,1,1,1
1729,-178.776,171.055,1,1,1
1730,-179.794,170.977,1,1,1
1731,-180.803,170.903,1,1,1
1732,-181.8,170.832,1,1,1
1733,-182.793,170.76,1,1,1
1734,-183.779,170.688,1,1,1
1735,-184.751,170.616,1,1,1
1736,-185.728,170.546,1,1,1
1737,-186.702,170.476,1,1,1
1738,-187.668,170.404,1,1,1
1739,-188.62,170.334,1,1,1
1740,-189.566,170.268,1,1,1
1741,-190.513,170.201,1,1,1
1742,-191.454,170.135,1,1,1
1743,-192.391,170.071,1,1,1
1744,-193.315,170.004,1,1,1
1745,-194.234,169.931,1,1,1
1746,-195.15,169.858,1,1,1
1747,-196.064,169.785,1,1,1
1748,-196.972,169.701,1,1,1
1749,-197.876,169.626,1,1,1
1750,-198.778,169.55,1,1,1
1751,-199.669,169.462,1,1,1
1752,-200.552,169.373,1,1,1
1753,-201.435,169.279,1,1,1
1754,-202.317,169.176,1,1,1
1755,-203.199,169.064,1,1,1
1756,-204.071,168.946,1,1,1
1757,-204.934,168.828,1,1,1
1758,-205.787,168.703,1,1,1
1759,-206.635,168.57,1,1,1
1760,-207.48,168.431,1,1,1
1761,-208.326,168.29,1,1,1
1762,-209.166,168.153,1,1,1
1763,-210,168.017,1,1,1
1764,-210.824,167.882,1,1,1
1765,-211.647,167.751,1,1,1
1766,-212.459,167.618,1,1,1
1767,-213.258,167.488,1,1,1
1768,-214.041,167.366,1,1,1
1769,-214.818,167.254,1,1,1
1770,-215.584,167.155,1,1,1
1771,-216.342,167.069,1,1,1
1772,-217.089,167.005,1,1,1
1773,-217.826,166.951,1,1,1
1774,-218.557,166.906,1,1,1
1775,-219.272,166.87,1,1,1
1776,-219.977,166.84,1,1,1
1777,-220.671,166.824,1,1,1
1778,-221.357,166.819,1,1,1
1779,-222.031,166.826,1,1,1
1780,-222.696,166.843,1,1,1
1781,-223.349,166.873,1,1,1
1782,-223.989,166.913,1,1,1
1783,-224.615,166.963,1,1,1
1784,-225.228,167.022,1,1,1
1785,-225.825,167.088,1,1,1
1786,-226.411,167.158,1,1,1
1787,-226.987,167.24,1,1,1
1788,-227.55,167.326,1,1,1
1789,-228.107,167.42,1,1,1
1790,-228.648,167.513,1,1,1
1791,-229.178,167.609,1,1,1
1792,-229.692,167.712,1,1,1
1793,-230.197,167.818,1,1,1
1794,-230.693,167.92,1,1,1
1795,-231.179,168.018,1,1,1
1796,-231.657,168.107,1,1,1
1797,-232.122,168.192,1,1,1
1798,-232.578,168.273,1,1,1
1799,-233.024,168.346,1,1,1
1800,-233.454,168.409,1,1,1
1801,-233.871,168.462,1,1,1
1802,-234.277,168.503,1,1,1
1803,-234.669,168.528,1,1,1
1804,-235.056,168.547,1,1,1
1805,-235.423,168.551,1,1,1
1806,-235.787,168.548,1,1,1
1807,-236.139,168.528,1,1,1
1808,-236.472,168.484,1,1,1
1809,-236.81,168.432,1,1,1
1810,-237.12,168.357,1,1,1
1811,-237.438,168.284,1,1,1
1812,-237.749,168.202,1,1,1
1813,-238.042,168.099,1,1,1
1814,-238.343,167.997,1,1,1
1815,-238.623,167.871,1,1,1
1816,-238.905,167.741,1,1,1
1817,-239.174,167.599,1,1,1
1818,-239.423,167.439,1,1,1
1819,-239.68,167.281,1,1,1
1820,-239.922,167.111,1,1,1
1821,-240.168,166.948,1,1,1
1822,-240.393,166.774,1,1,1
1823,-240.615,166.595,1,1,1
1824,-240.837,166.406,1,1,1
1825,-241.052,166.207,1,1,1
1826,-241.271,166.007,1,1,1
1827,-241.484,165.802,1,1,1
1828,-241.699,165.607,1,1,1
1829,-241.917,165.407,1,1,1
1830,-242.133,165.205,1,1,1
1831,-242.344,164.998,1,1,1
1832,-242.552,164.78,1,1,1
1833,-242.761,164.565,1,1,1
1834,-242.963,164.334,1,1,1
1835,-243.168,164.097,1,1,1
1836,-243.373,163.846,1,1,1
1837,-243.571,163.585,1,1,1
1838,-243.77,163.32,1,1,1
1839,-243.957,163.041,1,1,1
1840,-244.147,162.748,1,1,1
1841,-244.312,162.445,1,1,1
1842,-244.491,162.132,1,1,1
1843,-244.668,161.809,1,1,1
1844,-244.826,161.468,1,1,1
1845,-244.988,161.117,1,1,1
1846,-245.128,160.735,1,1,1
1847,-245.271,160.339,1,1,1
1848,-245.419,159.925,1,1,1
1849,-245.557,159.483,1,1,1
1850,-245.696,159.029,1,1,1
1851,-245.815,158.552,1,1,1
1852,-245.938,158.053,1,1,1
1853,-246.064,157.533,1,1,1
1854,-246.2,156.992,1,1,1
1855,-246.343,156.431,1,1,1
1856,-246.482,155.841,1,1,1
1857,-246.614,155.23,1,1,1
1858,-246.736,154.589,1,1,1
1859,-246.853,153.916,1,1,1
1860,-246.968,153.214,1,1,1
1861,-247.075,152.48,1,1,1
1862,-247.176,151.724,1,1,1
1863,-247.267,150.944,1,1,1
1864,-247.355,150.141,1,1,1
1865,-247.441,149.309,1,1,1
1866,-247.522,148.452,1,1,1
1867,-247.601,147.573,1,1,1
1868,-247.681,146.671,1,1,1
1869,-247.763,145.749,1,1,1
1870,-247.845,144.804,1,1,1
1871,-247.93,143.834,1,1,1
1872,-248.018,142.841,1,1,1
1873,-248.105,141.824,1,1,1
1874,-248.192,140.784,1,1,1
1875,-248.277,139.72,1,1,1
1876,-248.361,138.636,1,1,1
1877,-248.443,137.527,1,1,1
1878,-248.523,136.389,1,1,1
1879,-248.604,135.232,1,1,1
1880,-248.689,134.054,1,1,1
1881,-248.773,132.87,1,1,1
1882,-248.856,131.686,1,1,1
1883,-248.939,130.508,1,1,1
1884,-249.016,129.336,1,1,1
1885,-249.087,128.165,1,1,1
1886,-249.156,126.99,1,1,1
1887,-249.218,125.815,1,1,1
1888,-249.278,124.642,1,1,1
1889,-249.339,123.462,1,1,1
1890,-249.398,122.286,1,1,1
1891,-249.457,121.109,1,1,1
1892,-249.513,119.932,1,1,1
1893,-249.565,118.755,1,1,1
1894,-249.612,117.58,1,1,1
1895,-249.655,116.406,1,1,1
1896,-249.697,115.238,1,1,1
1897,-249.738,114.068,1,1,1
1898,-249.779,112.906,1,1,1
1899,-249.82,111.742,1,1,1
1900,-249.861,110.584,1,1,1
1901,-249.902,109.425,1,1,1
1902,-249.943,108.268,1,1,1
1903,-249.979,107.114,1,1,1
1904,-250.013,105.963,1,1,1
1905,-250.045,104.815,1,1,1
1906,-250.074,103.669,1,1,1
1907,-250.1,102.525,1,1,1
1908,-250.125,101.387,1,1,1
1909,-250.148,100.251,1,1,1
1910,-250.169,99.1187,1,1,1
1911,-250.189,97.986,1,1,1
1912,-250.207,96.8553,1,1,1
1913,-250.225,95.7232,1,1,1
1914,-250.244,94.5988,1,1,1
1915,-250.264,93.4827,1,1,1
1916,-250.283,92.3688,1,1,1
1917,-250.306,91.2592,1,1,1
1918,-250.33,90.1458,1,1,1
1919,-250.362,89.0375,1,1,1
1920,-250.4,87.9367,1,1,1
1921,-250.448,86.84,1,1,1
1922,-250.498,85.7428,1,1,1
1923,-250.55,84.6452,1,1,1
1924,-250.598,83.5472,1,1,1
1925,-250.642,82.4494,1,1,1
1926,-250.69,81.3567,1,1,1
1927,-250.734,80.2723,1,1,1
1928,-250.786,79.1887,1,1,1
1929,-250.847,78.1038,1,1,1
1930,-250.906,77.0131,1,1,1
1931,-250.964,75.9187,1,1,1
1932,-251.02,74.8245,1,1,1
1933,-251.074,73.7271,1,1,1
1934,-251.126,72.6367,1,1,1
1935,-251.181,71.5496,1,1,1
1936,-251.238,70.4648,1,1,1
1937,-251.297,69.3806,1,1,1
1938,-251.353,68.2994,1,1,1
1939,-251.406,67.2209,1,1,1
1940,-251.457,66.1429,1,1,1
1941,-251.504,65.0681,0.875,1,1
1942,-251.549,63.9915,0.875,1,1
1943,-251.593,62.9207,0.75,1,1
1944,-251.635,61.8525,0.75,1,1
1945,-251.675,60.7869,0.625,1,1
1946,-251.712,59.7255,0.625,1,1
1947,-251.748,58.6619,0.5,1,1
1948,-251.782,57.6015,0.5,1,1
1949,-251.814,56.5465,0.375,1,1
1950,-251.845,55.4898,0.375,1,1
1951,-251.876,54.4387,0.25,1,1
1952,-251.906,53.3873,0.25,1,1
1953,-251.936,52.3437,0.125,1,1
1954,-251.967,51.2977,0,1,1
1955,-251.999,50.2577,0,1,1
1956,-252.031,49.2201,0,1,1
1957,-252.065,48.1825,0,1,1
1958,-252.102,47.147,0,1,1
1959,-252.144,46.1167,0,1,1
1960,-252.188,45.0929,0,1,1
1961,-252.235,44.063,0,1,1
1962,-252.285,43.0392,0,1,1
1963,-252.338,42.0185,0,1,1
1964,-252.391,41.0016,0,1,1
1965,-252.448,39.988,0,1,1
1966,-252.506,38.9732,0,1,1
1967,-252.565,37.9622,0,1,1
1968,-252.625,36.9564,0,1,1
1969,-252.689,35.9533,0,1,1
1970,-252.75,34.955,0,1,1
1971,-252.811,33.9548,0,1,1
1972,-252.872,32.959,0,1,1
1973,-252.93,31.9658,0,1,1
1974,-252.984,30.9781,0,1,1
1975,-253.03,29.994,0,1,1
1976,-253.069,29.0097,0,1,1
1977,-253.098,28.0289,0,1,1
1978,-253.114,27.0498,0,1,1
1979,-253.122,26.0738,0,1,1
1980,-253.116,25.1012,0,1,1
1981,-253.102,24.1304,1,1,1
1982,-253.079,23.1671,1,1,1
1983,-253.041,22.2034,1,1,1
1984,-252.993,21.2413,1,1,1
1985,-252.927,20.2821,1,1,1
1986,-252.848,19.3242,1,1,1
1987,-252.75,18.3747,1,1,1
1988,-252.628,17.4262,1,1,1
1989,-252.488,16.4809,1,1,1
1990,-252.322,15.5346,1,1,1
1991,-252.142,14.5908,1,1,1
1992,-251.944,13.6505,1,1,1
1993,-251.717,12.7127,1,1,1
1994,-251.476,11.7783,1,1,1
1995,-251.206,10.8462,1,1,1
1996,-250.92,9.91772,1,1,1
1997,-250.609,8.98969,1,1,1
1998,-250.269,8.06443,1,1,1
1999,-249.911,7.14579,1,1,1
2000,-249.523,6.22644,1,1,1
2001,-249.119,5.31483,1,1,1
2002,-248.691,4.41145,1,1,1
2003,-248.227,3.5104,1,1,1
2004,-247.746,2.61686,1,1,1
2005,-247.238,1.73272,1,1,1
2006,-246.714,0.853569,1,1,1
2007,-246.166,-0.0179689,1,1,1
2008,-245.601,-0.886348,1,1,1
2009,-245.012,-1.7555,1,1,1
2010,-244.406,-2.61994,1,1,1
2011,-243.782,-3.48279,1,1,1
2012,-243.148,-4.34198,1,1,1
2013,-242.507,-5.20161,1,1,1
2014,-241.857,-6.06639,1,1,1
2015,-241.203,-6.93422,1,1,1
2016,-240.544,-7.80521,1,1,1
2017,-239.876,-8.68088,1,1,1
2018,-239.205,-9.55865,1,1,1
2019,-238.528,-10.4414,1,1,1
2020,-237.846,-11.3274,1,1,1
2021,-237.154,-12.2291,1,1,1
2022,-236.483,-13.1027,1,1,1
2023,-235.808,-13.9887,1,1,1
2024,-235.131,-14.8837,1,1,1
2025,-234.463,-15.7783,1,1,1
2026,-233.803,-16.6772,1,1,1
2027,-233.151,-17.5802,1,1,1
2028,-232.509,-18.4819,1,1,1
2029,-231.874,-19.3881,1,1,1
2030,-231.249,-20.2977,1,1,1
2031,-230.632,-21.2116,1,1,1
2032,-230.029,-22.1279,1,1,1
2033,-229.433,-23.0523,1,1,1
2034,-228.85,-23.9731,1,1,1
2035,-228.273,-24.8948,1,1,1
2036,-227.695,-25.8155,1,1,1
2037,-227.12,-26.7315,1,1,1
2038,-226.548,-27.6463,1,1,1
2039,-225.981,-28.5578,1,1,1
2040,-225.42,-29.4668,1,1,1
2041,-224.863,-30.374,1,1,1
2042,-224.309,-31.2758,1,1,1
2043,-223.757,-32.1753,1,1,1
2044,-223.207,-33.0692,1,1,1
2045,-222.658,-33.9628,1,1,1
2046,-222.113,-34.8529,1,1,1
2047,-221.575,-35.7343,1,1,1
2048,-221.036,-36.6157,1,1,1
2049,-220.503,-37.4878,1,1,1
2050,-219.974,-38.3497,1,1,1
2051,-219.454,-39.1949,1,1,1
2052,-218.946,-40.02,1,1,1
2053,-218.444,-40.8216,1,1,1
2054,-217.954,-41.6004,1,1,1
2055,-217.474,-42.3504,1,1,1
2056,-217.002,-43.0751,1,1,1
2057,-216.539,-43.7746,1,1,1
2058,-216.082,-44.4499,1,1,1
2059,-215.634,-45.0963,1,1,1
2060,-215.202,-45.7161,1,1,1
2061,-214.778,-46.3102,1,1,1
2062,-214.368,-46.8784,1,1,1
2063,-213.968,-47.4242,1,1,1
2064,-213.57,-47.9634,1,1,1
2065,-213.203,-48.453,1,1,1
2066,-212.833,-48.9387,1,1,1
2067,-212.47,-49.4066,1,1,1
2068,-212.112,-49.855,1,1,1
2069,-211.758,-50.2863,1,1,1
2070,-211.403,-50.7036,1,1,1
2071,-211.05,-51.1035,1,1,1
2072,-210.7,-51.4924,1,1,1
2073,-210.35,-51.8666,1,1,1
2074,-210.007,-52.2239,1,1,1
2075,-209.664,-52.5651,1,1,1
2076,-209.329,-52.8822,1,1,1
2077,-208.996,-53.1825,1,1,1
2078,-208.663,-53.4595,1,1,1
2079,-208.342,-53.7128,1,1,1
2080,-208.023,-53.938,0.875,1,1
2081,-207.723,-54.1383,0.875,1,1
2082,-207.434,-54.3148,0.875,1,1
2083,-207.16,-54.4702,1,1,1
2084,-206.901,-54.614,1,1,1
2085,-206.639,-54.7508,1,1,1
2086,-206.381,-54.881,1,1,1
2087,-206.119,-55.0036,1,1,1
2088,-205.847,-55.1124,1,1,1
2089,-205.581,-55.2088,1,1,1
2090,-205.309,-55.2949,1,1,1
2091,-205.047,-55.3768,1,1,1
2092,-204.785,-55.451,1,1,1
2093,-204.511,-55.5142,1,1,1
2094,-204.238,-55.5721,1,1,1
2095,-203.948,-55.6242,1,1,1
2096,-203.654,-55.6759,1,1,1
2097,-203.34,-55.72,1,1,1
2098,-203.023,-55.7591,1,1,1
2099,-202.693,-55.791,1,1,1
2100,-202.344,-55.8126,1,1,1
2101,-201.99,-55.83,1,1,1
2102,-201.613,-55.8335,1,1,1
2103,-201.23,-55.8319,1,1,1
2104,-200.831,-55.8119,1,1,1
2105,-200.405,-55.7756,1,1,1
2106,-199.967,-55.7279,1,1,1
2107,-199.501,-55.6683,1,1,1
2108,-199.022,-55.5986,1,1,1
2109,-198.512,-55.5157,1,1,1
2110,-197.999,-55.4218,1,1,1
2111,-197.459,-55.3099,1,1,1
2112,-196.896,-55.178,1,1,1
2113,-196.317,-55.0281,1,1,1
2114,-195.719,-54.8597,1,1,1
2115,-195.101,-54.6753,1,1,1
2116,-194.465,-54.4676,1,1,1
2117,-193.807,-54.2375,1,1,1
2118,-193.144,-53.98,1,1,1
2119,-192.469,-53.6985,1,1,1
2120,-191.785,-53.3892,1,1,1
2121,-191.089,-53.0596,1,1,1
2122,-190.391,-52.6936,1,1,1
2123,-189.682,-52.2951,1,1,1
2124,-188.959,-51.8707,1,1,1
2125,-188.23,-51.4201,1,1,1
2126,-187.493,-50.9499,1,1,1
2127,-186.748,-50.4576,1,1,1
2128,-185.994,-49.9478,1,1,1
2129,-185.227,-49.4209,1,1,1
2130,-184.447,-48.8822,1,1,1
2131,-183.653,-48.3368,1,1,1
2132,-182.849,-47.7881,1,1,1
2133,-181.997,-47.2117,1,1,1
2134,-181.203,-46.6776,1,1,1
2135,-180.36,-46.112,1,1,1
2136,-179.498,-45.5321,1,1,1
2137,-178.627,-44.9496,1,1,1
2138,-177.745,-44.3612,1,1,1
2139,-176.845,-43.7646,1,1,1
2140,-175.936,-43.1648,1,1,1
2141,-175.014,-42.5599,1,1,1
2142,-174.079,-41.9513,1,1,1
2143,-173.129,-41.3376,1,1,1
2144,-172.161,-40.7159,1,1,1
2145,-171.183,-40.0941,1,1,1
2146,-170.196,-39.478,1,1,1
2147,-169.196,-38.8638,1,1,1
2148,-168.181,-38.2522,1,1,1
2149,-167.157,-37.6437,1,1,1
2150,-166.122,-37.0398,1,1,1
2151,-165.081,-36.4374,1,1,1
2152,-164.041,-35.8419,1,1,1
2153,-162.993,-35.2505,1,1,1
2154,-161.937,-34.6644,1,1,1
2155,-160.874,-34.0871,1,1,1
2156,-159.803,-33.5173,1,1,1
2157,-158.731,-32.9611,1,1,1
2158,-157.655,-32.4102,1,1,1
2159,-156.578,-31.8633,1,1,1
2160,-155.499,-31.3261,1,1,1
2161,-154.423,-30.7886,1,1,1
2162,-153.354,-30.2718,1,1,1
2163,-152.285,-29.7545,1,1,1
2164,-151.211,-29.2325,1,1,1
2165,-150.138,-28.7081,1,1,1
2166,-149.069,-28.1828,1,1,1
2167,-148.004,-27.6577,1,1,1
2168,-146.931,-27.1337,1,1,1
2169,-145.858,-26.6121,1,1,1
2170,-144.789,-26.0982,1,1,1
2171,-143.716,-25.5787,1,1,1
2172,-142.641,-25.057,1,1,1
2173,-141.561,-24.5301,1,1,1
2174,-140.482,-24.0069,1,1,1
2175,-139.403,-23.4863,1,1,1
2176,-138.324,-22.9682,1,1,1
2177,-137.248,-22.4509,1,1,1
2178,-136.173,-21.9347,1,1,1
2179,-135.097,-21.4157,1,1,1
2180,-134.023,-20.8961,1,1,1
2181,-132.945,-20.3771,1,1,1
2182,-131.877,-19.8662,1,1,1
2183,-130.814,-19.3581,1,1,1
2184,-129.755,-18.8493,1,1,1
2185,-128.699,-18.3371,1,1,1
2186,-127.647,-17.825,1,1,1
2187,-126.595,-17.3118,1,1,1
2188,-125.552,-16.8002,1,1,1
2189,-124.516,-16.2887,1,1,1
2190,-123.482,-15.7772,1,1,1
2191,-122.447,-15.2669,1,1,1
2192,-121.409,-14.7631,1,1,1
2193,-120.382,-14.2753,1,1,1
2194,-119.357,-13.7996,1,1,1
2195,-118.328,-13.3335,1,1,1
2196,-117.291,-12.8787,1,1,1
2197,-116.244,-12.4352,1,1,1
2198,-115.19,-12.0029,1,1,1
2199,-114.141,-11.5875,1,1,1
2200,-113.102,-11.1877,1,1,1
2201,-112.048,-10.7895,1,1,1
2202,-110.986,-10.3998,1,1,1
2203,-109.925,-10.0074,1,1,1
2204,-108.874,-9.61741,1,1,1
2205,-107.824,-9.2434,1,1,1
2206,-106.766,-8.86429,1,1,1
2207,-105.705,-8.49225,1,1,1
2208,-104.64,-8.12476,1,1,1
2209,-103.575,-7.76012,1,1,1
2210,-102.512,-7.39422,1,1,1
2211,-101.445,-7.02064,1,1,1
2212,-100.383,-6.64698,1,1,1
2213,-99.3233,-6.28188,1,1,1
2214,-98.2668,-5.92768,1,1,1
2215,-97.2112,-5.58444,1,1,1
2216,-96.1341,-5.25018,1,1,1
2217,-95.057,-4.92431,1,1,1
2218,-93.9769,-4.60433,1,1,1
2219,-92.897,-4.29172,1,1,1
2220,-91.8162,-3.98815,1,1,1
2221,-90.7331,-3.69591,1,1,1
2222,-89.6504,-3.41366,1,1,1
2223,-88.5603,-3.13917,1,1,1
2224,-87.4694,-2.8711,1,1,1
2225,-86.3731,-2.6109,1,1,1
2226,-85.2757,-2.35766,1,1,1
2227,-84.1787,-2.11309,1,1,1
2228,-83.0809,-1.8753,1,1,1
2229,-81.9842,-1.6428,1,1,1
2230,-80.888,-1.41313,1,1,1
2231,-79.7931,-1.18502,1,1,1
2232,-78.6956,-0.95672,1,1,1
2233,-77.569,-0.725446,1,1,1
2234,-76.5112,-0.5132,1,1,1
2235,-75.4228,-0.30068,1,1,1
2236,-74.3378,-0.0910308,1,1,1
2237,-73.2516,0.114807,1,1,1
2238,-72.1664,0.319994,1,1,1
2239,-71.0852,0.52172,1,1,1
2240,-70.0068,0.722953,1,1,1
2241,-68.9285,0.923302,1,1,1
2242,-67.8523,1.12026,1,1,1
2243,-66.773,1.31342,1,1,1
2244,-65.7006,1.50044,1,1,1
2245,-64.6252,1.6866,1,1,1
2246,-63.5562,1.86926,1,1,1
2247,-62.4896,2.04798,1,1,1
2248,-61.4256,2.22538,1,1,1
2249,-60.3604,2.40235,1,1,1
2250,-59.2953,2.57747,1,1,1
2251,-58.2343,2.75408,1,1,1
2252,-57.1791,2.92234,1,1,1
2253,-56.129,3.09171,1,1,1
2254,-55.0758,3.25761,1,1,1
2255,-54.0258,3.41897,1,1,1
2256,-52.9885,3.57544,1,1,1
2257,-51.9487,3.73199,1,1,1
2258,-50.9098,3.8886,1,1,1
2259,-49.8684,4.04034,1,1,1
2260,-48.8308,4.18587,1,1,1
2261,-47.8007,4.3287,1,1,1
2262,-46.7763,4.46429,1,1,1
2263,-45.756,4.5965,1,1,1
2264,-44.7313,4.72766,1,1,1
2265,-43.7122,4.8569,1,1,1
2266,-42.697,4.98099,1,1,1
2267,-41.6805,5.10223,1,1,1
2268,-40.6664,5.22332,1,1,1
2269,-39.6627,5.34022,1,1,1
2270,-38.6755,5.45322,1,1,1
2271,-37.6893,5.56496,1,1,1
2272,-36.7124,5.6763,1,1,1
2273,-35.7455,5.78257,1,1,1
2274,-34.7862,5.88849,1,1,1
2275,-33.8424,5.99203,1,1,1
2276,-32.9135,6.09216,1,1,1
2277,-31.9967,6.19001,1,1,1
2278,-31.0873,6.28422,1,1,1
2279,-30.1869,6.37592,1,1,1
2280,-29.2969,6.46557,1,1,1
2281,-28.421,6.55403,1,1,1
2282,-27.5543,6.63951,1,1,1
2283,-26.721,6.72078,1,1,1
2284,-25.9002,6.80006,1,1,1
2285,-25.0995,6.87869,1,1,1
2286,-24.3202,6.95413,1,1,1
2287,-23.5589,7.0252,1,1,1
2288,-22.816,7.09169,1,1,1
2289,-22.0893,7.15957,1,1,1
2290,-21.38,7.22837,1,1,1
2291,-20.6882,7.29721,1,1,1
2292,-20.0167,7.36264,1,1,1
2293,-19.3623,7.42624,1,1,1
2294,-18.7249,7.49089,1,1,1
2295,-18.1068,7.55145,1,1,1
2296,-17.5015,7.60654,1,1,1
2297,-16.9121,7.65597,1,1,1
2298,-16.3377,7.70208,1,1,1
2299,-15.7808,7.74364,1,1,1
2300,-15.2416,7.78231,1,1,1
2301,-14.7261,7.81968,1,1,1
2302,-14.2316,7.85855,1,1,1
2303,-13.7592,7.8956,1,1,1
2304,-13.3135,7.93015,1,1,1
2305,-12.8954,7.96159,1,1,1
2306,-12.501,7.99145,1,1,1
2307,-12.1283,8.02202,1,1,1
2308,-11.7762,8.04801,1,1,1
2309,-11.4484,8.07328,1,1,1
2310,-11.1392,8.10066,1,1,1
2311,-10.8439,8.12948,1,1,1
2312,-10.5614,8.15992,1,1,1
2313,-10.2874,8.19505,1,1,1
2314,-10.0238,8.23151,1,1,1
2315,-9.76838,8.26902,1,1,1
2316,-9.51822,8.30992,1,1,1
2317,-9.27129,8.35643,1,1,1
2318,-9.02816,8.41277,1,1,1
2319,-8.78925,8.47818,1,1,1
2320,-8.55563,8.54739,1,1,0.875
2321,-8.33697,8.61231,1,1,0.875
2322,-8.14918,8.66932,1,1,0.75
2323,-8.00036,8.71155,1,1,0.625
2324,-7.8976,8.74496,1,1,0.625
2325,-7.82944,8.76998,1,1,0.5
2326,-7.79172,8.78606,1,1,0.625
2327,-7.78413,8.79074,1,1,0.625
2328,-7.79925,8.78746,1,1,0.75
2329,-7.81142,8.78358,1,1,0.75
2330,-7.81339,8.78518,1,1,0.875
2331,-7.81302,8.78663,1,1,0.875
2332,-7.81353,8.7872,1,1,1
2333,-7.81145,8.78782,1,1,1
2334,-7.8094,8.78814,1,1,1
2335,-7.81035,8.785,1,1,1
2336,-7.81126,8.7819,1,1,1
2337,-7.80945,8.779,1,1,1
2338,-7.80884,8.77608,1,1,1
2339,-7.8098,8.77362,1,1,1
2340,-7.80913,8.77101,1,1,1
2341,-7.80645,8.76869,1,1,1
2342,-7.80591,8.76643,1,1,1
2343,-7.80482,8.76295,1,1,1
2344,-7.80402,8.76106,1,1,1
2345,-7.8014,8.75801,1,1,1
2346,-7.80077,8.75555,1,1,1
2347,-7.79854,8.75292,1,1,1
2348,-7.79689,8.75168,1,1,1
2349,-7.79508,8.75016,1,1,1
2350,-7.79344,8.74852,1,1,1
2351,-7.79099,8.74681,1,1,1
2352,-7.78951,8.74523,1,1,1
2353,-7.78833,8.7434,1,1,1
2354,-7.78658,8.7419,1,1,1
2355,-7.78493,8.74052,1,1,1
2356,-7.78331,8.73816,1,1,1
2357,-7.78176,8.73684,1,1,1
2358,-7.78017,8.73484,1,1,1
2359,-7.77889,8.73363,1,1,1
2360,-7.77703,8.73186,1,1,1
2361,-7.77578,8.73087,1,1,1
2362,-7.7741,8.72855,1,1,1
2363,-7.77305,8.72705,1,1,1
2364,-7.7716,8.72656,1,1,1
2365,-7.77053,8.72571,1,1,1
2366,-7.76944,8.72441,1,1,1
2367,-7.76863,8.72358,1,1,1
2368,-7.76785,8.72337,1,1,1
2369,-7.76737,8.72271,1,1,0.875
2370,-7.76688,8.72176,1,1,0.75
2371,-7.76633,8.72048,1,1,0.625
2372,-7.76613,8.71914,1,1,0.5
2373,-7.76576,8.71758,1,1,0.375
2374,-7.76515,8.71631,1,1,0.25
2375,-7.76453,8.71532,1,1,0.125
2376,-7.76398,8.71459,1,1,0
2377,-7.76362,8.71383,1,1,0
2378,-7.76329,8.71314,1,1,0
2379,-7.76329,8.71349,1,1,0
2380,-7.76333,8.71283,1,1,0
2381,-7.76322,8.71282,1,1,0
2382,-7.76296,8.71255,1,1,0
2383,-7.76302,8.71251,1,1,0
2384,-7.76302,8.71236,1,1,0
2385,-7.76309,8.71349,1,1,0
2386,-7.76278,8.71329,1,1,0
2387,-7.7623,8.71292,1,1,0
2388,-7.76246,8.71417,1,1,0
2389,-7.76218,8.71634,1,1,0
2390,-7.75932,8.71903,1,1,0.125
2391,-7.75329,8.72214,1,1,0.125
2392,-7.74402,8.72696,1,1,0.25
2393,-7.73174,8.73388,1,1,0.25
2394,-7.71711,8.74234,1,1,0.375
2395,-7.70036,8.75102,1,1,0.375
2396,-7.68154,8.76068,1,1,0.5
2397,-7.65888,8.77078,1,1,0.5
2398,-7.62709,8.7865,1,1,0.625
2399,-7.5805,8.80694,1,1,0.625
2400,-7.51304,8.83606,1,1,0.75
2401,-7.42402,8.87308,1,1,0.75
2402,-7.31086,8.92222,1,1,0.875
2403,-7.1753,8.98276,1,1,0.875
2404,-7.02012,9.05481,1,1,1
2405,-6.84098,9.13861,1,1,1
2406,-6.6409,9.23657,1,1,1
2407,-6.42112,9.35531,1,1,1
2408,-6.18368,9.49164,1,1,1
2409,-5.93074,9.64415,1,1,1
2410,-5.66973,9.82567,1,1,1
2411,-5.39913,10.0299,1,1,1
2412,-5.12074,10.2578,1,1,1
2413,-4.83733,10.5091,1,1,1
2414,-4.55062,10.7817,1,1,1
2415,-4.26073,11.0807,1,1,1
2416,-3.97491,11.4059,1,1,1
2417,-3.69371,11.7539,1,1,1
2418,-3.41451,12.1356,1,1,1
2419,-3.13539,12.5464,1,1,1
2420,-2.86218,12.9927,1,1,1
2421,-2.59907,13.4679,1,1,1
2422,-2.35285,13.9724,1,1,1
2423,-2.11827,14.5123,1,1,1
2424,-1.885,15.0833,1,1,1
2425,-1.66177,15.686,1,1,1
2426,-1.45635,16.3186,1,1,1
2427,-1.2601,16.9749,1,1,1
2428,-1.07396,17.6611,1,1,1
2429,-0.904547,18.3737,1,1,1
2430,-0.766019,19.1171,1,1,1
2431,-0.647612,19.8828,1,1,1
2432,-0.54815,20.6754,1,1,1
2433,-0.469374,21.4894,1,1,1
2434,-0.411778,22.3233,1,1,1
2435,-0.374003,23.1848,1,1,1
2436,-0.353107,24.0662,1,1,1
2437,-0.34565,24.9742,1,1,1
2438,-0.347769,25.8997,1,1,1
2439,-0.356192,26.8503,1,1,1
2440,-0.369986,27.8213,1,1,1
2441,-0.387238,28.8185,1,1,1
2442,-0.405744,29.8366,1,1,1
2443,-0.42502,30.874,1,1,1
2444,-0.443525,31.9351,1,1,1
2445,-0.459357,33.0176,1,1,1
2446,-0.474721,34.1263,1,1,1
2447,-0.493185,35.252,1,1,1
2448,-0.512628,36.3924,1,1,1
2449,-0.535546,37.539,1,1,1
2450,-0.558895,38.6862,1,1,1
2451,-0.584304,39.8356,1,1,1
2452,-0.609695,40.9857,1,1,1
2453,-0.638781,42.1348,1,1,1
2454,-0.669138,43.283,1,1,1
2455,-0.703525,44.4222,1,1,1
2456,-0.739454,45.5643,1,1,1
2457,-0.775721,46.7068,1,1,1
2458,-0.814936,47.8533,1,1,1
2459,-0.85038,48.997,1,1,1
2460,-0.88452,50.1325,1,1,1
2461,-0.923089,51.2668,1,1,1
2462,-0.957993,52.3966,1,1,1
2463,-0.99363,53.5216,1,1,1
2464,-1.02673,54.6439,1,1,1
2465,-1.05852,55.7612,1,1,1
2466,-1.08971,56.8837,1,1,1
2467,-1.12125,58.0086,1,1,1
2468,-1.15335,59.1322,1,1,1
2469,-1.18501,60.2489,1,1,1
2470,-1.21347,61.3599,1,1,1
2471,-1.23885,62.4639,1,1,1
2472,-1.27032,63.5658,1,1,1
2473,-1.30468,64.6649,1,1,1
2474,-1.33733,65.7627,1,1,1
2475,-1.3748,66.8689,1,1,1
2476,-1.41168,67.967,1,1,1
2477,-1.44269,69.0616,1,1,1
2478,-1.47215,70.1555,1,1,1
2479,-1.50159,71.2437,1,1,1
2480,-1.53172,72.3308,1,1,1
2481,-1.56223,73.4161,1,1,1
2482,-1.59362,74.4945,1,1,1
2483,-1.62577,75.5683,1,1,1
2484,-1.66043,76.6366,1,1,1
2485,-1.6981,77.7096,1,1,1
2486,-1.73626,78.7807,1,1,1
2487,-1.77523,79.852,1,1,1
2488,-1.81574,80.9145,1,1,1
2489,-1.85648,81.9725,1,1,1
2490,-1.8958,83.0323,1,1,1
2491,-1.93672,84.0885,1,1,1
2492,-1.97712,85.1391,1,1,1
2493,-2.01785,86.1854,1,1,1
2494,-2.06021,87.238,1,1,1
2495,-2.10377,88.2864,1,1,1
2496,-2.14648,89.3293,1,1,1
2497,-2.18783,90.3682,1,1,1
2498,-2.22684,91.4055,1,1,1
2499,-2.2634,92.4425,1,1,1
2500,-2.30041,93.4769,1,1,1
2501,-2.33605,94.5082,1,1,1
2502,-2.3722,95.5382,1,1,1
2503,-2.40667,96.565,1,1,1
2504,-2.43782,97.5902,1,1,1
2505,-2.46594,98.6055,1,1,1
2506,-2.492,99.6181,1,1,1
2507,-2.51626,100.632,1,1,1
2508,-2.54021,101.651,1,1,1
2509,-2.55942,102.672,1,1,1
2510,-2.57363,103.688,1,1,1
2511,-2.58215,104.697,1,1,1
2512,-2.58754,105.691,1,1,1
2513,-2.59138,106.681,1,1,1
2514,-2.59544,107.674,1,1,1
2515,-2.60307,108.673,1,1,1
2516,-2.61352,109.679,1,1,1
2517,-2.62198,110.692,1,1,1
2518,-2.63218,111.716,1,1,0.875
2519,-2.64363,112.748,1,1,0.875
2520,-2.64883,113.787,1,1,0.75
2521,-2.65898,114.837,1,1,0.625
2522,-2.67082,115.896,1,1,0.5
2523,-2.68121,116.967,1,1,0.625
2524,-2.69373,118.039,1,1,0.5
2525,-2.70428,119.12,1,1,0.5
2526,-2.72144,120.204,1,1,0.5
2527,-2.73736,121.293,1,1,0.5
2528,-2.75313,122.39,1,1,0.375
2529,-2.77478,123.507,1,1,0.375
2530,-2.79685,124.634,1,1,0.5
2531,-2.81849,125.767,1,1,0.375
2532,-2.84211,126.902,1,1,0.375
2533,-2.86863,128.046,1,1,0.375
2534,-2.89467,129.194,1,1,0.25
2535,-2.9246,130.351,1,1,0.375
2536,-2.95533,131.507,1,1,0.375
2537,-2.98927,132.663,1,1,0.375
2538,-3.02451,133.82,1,1,0.25
2539,-3.06149,134.969,1,1,0.25
2540,-3.09899,136.118,1,1,0.25
2541,-3.13897,137.262,1,1,0.375
2542,-3.1812,138.413,1,1,0.375
2543,-3.22318,139.555,1,1,0.25
2544,-3.26595,140.694,1,1,0.25
2545,-3.30842,141.827,1,1,0
2546,-3.34904,142.96,1,1,0
2547,-3.38972,144.095,1,1,0
2548,-3.43133,145.227,1,1,0
2549,-3.47754,146.351,1,1,0
2550,-3.52611,147.468,1,1,0
2551,-3.57748,148.577,1,1,0
2552,-3.62448,149.68,1,1,0
2553,-3.67147,150.775,1,1,0
2554,-3.71479,151.861,1,1,0
2555,-3.75472,152.939,1,1,0
2556,-3.79432,154.004,1,1,0
2557,-3.83171,155.066,1,1,0
2558,-3.86896,156.123,1,1,0
2559,-3.90413,157.172,1,1,0
2560,-3.93812,158.215,1,1,0
2561,-3.96946,159.247,1,1,0
2562,-3.99679,160.276,1,1,0
2563,-4.02416,161.303,1,1,0
2564,-4.05386,162.32,1,1,0
2565,-4.07165,163.334,1,1,0
2566,-4.08898,164.347,1,1,0
2567,-4.10531,165.36,1,1,0
2568,-4.12256,166.369,1,1,0
2569,-4.14323,167.372,1,1,0
2570,-4.16745,168.37,1,1,0
2571,-4.19428,169.381,1,1,0
2572,-4.21886,170.397,1,1,0
2573,-4.24299,171.418,1,1,0
2574,-4.26426,172.44,1,1,0
2575,-4.27925,173.47,1,1,0
2576,-4.29427,174.505,1,1,0
2577,-4.31975,175.547,1,1,0
2578,-4.34271,176.602,1,1,0
2579,-4.36619,177.656,1,1,0.25
2580,-4.39317,178.706,1,1,0.625
2581,-4.42839,179.762,1,1,1
2582,-4.46189,180.822,1,1,1
2583,-4.50145,181.893,1,1,1
2584,-4.53825,182.972,1,1,1
2585,-4.5774,184.06,1,1,1
2586,-4.60767,185.156,1,1,1
2587,-4.63554,186.257,1,1,1
2588,-4.66963,187.365,1,1,1
2589,-4.70122,188.478,1,1,1
2590,-4.74043,189.601,1,1,1
2591,-4.77513,190.724,1,1,1
2592,-4.80653,191.85,1,1,1
2593,-4.83423,192.975,1,1,1
2594,-4.861,194.091,1,1,1
2595,-4.88729,195.207,1,1,1
2596,-4.91323,196.329,1,1,1
2597,-4.94445,197.45,1,1,1
2598,-4.97651,198.566,1,1,1
2599,-5.00417,199.674,1,1,1
2600,-5.03219,200.783,1,1,1
2601,-5.05762,201.891,1,1,1
2602,-5.08026,202.99,1,1,1
2603,-5.10801,204.088,1,1,1
2604,-5.13202,205.179,1,1,1
2605,-5.16233,206.266,1,1,1
2606,-5.18735,207.338,1,1,1
2607,-5.21016,208.394,1,1,1
2608,-5.22969,209.434,1,1,1
2609,-5.25636,210.453,1,1,1
2610,-5.28137,211.452,1,1,1
2611,-5.30641,212.432,1,1,1
2612,-5.33384,213.406,1,1,1
2613,-5.35488,214.366,1,1,1
2614,-5.3765,215.319,1,1,1
2615,-5.39425,216.265,1,1,1
2616,-5.41605,217.206,1,1,1
2617,-5.43693,218.145,1,1,1
2618,-5.4518,219.079,1,1,1
2619,-5.46907,220.014,1,1,1
2620,-5.48324,220.944,1,1,1
2621,-5.49549,221.872,1,1,1
2622,-5.50532,222.798,1,1,1
2623,-5.51651,223.722,1,1,1
2624,-5.52926,224.647,1,1,1
2625,-5.54502,225.571,1,1,1
2626,-5.54577,226.498,1,1,1
2627,-5.55213,227.42,1,1,1
2628,-5.56361,228.337,1,1,1
2629,-5.56532,229.259,1,1,1
2630,-5.57428,230.189,1,1,1
2631,-5.59868,231.13,1,1,1
2632,-5.62733,232.071,1,1,1
2633,-5.66568,233.028,1,1,0.875
2634,-5.71552,233.993,1,1,0.75
2635,-5.77101,234.962,1,1,0.75
2636,-5.82684,235.935,1,1,0.75
2637,-5.88686,236.913,1,1,0.625
2638,-5.96098,237.902,1,1,0.5
2639,-6.02478,238.9,1,1,0.625
2640,-6.07672,239.912,1,1,0.5
2641,-6.12703,240.934,1,1,0.5
2642,-6.17346,241.967,1,1,0.5
2643,-6.21493,243.012,1,1,0.5
2644,-6.26097,244.063,1,1,0.375
2645,-6.31147,245.13,1,1,0.5
2646,-6.36421,246.21,1,1,0.375
2647,-6.41819,247.307,1,1,0.375
2648,-6.4722,248.419,1,1,0.5
2649,-6.52104,249.543,1,1,0.375
2650,-6.56848,250.677,1,1,0.375
2651,-6.61443,251.82,1,1,0.375
2652,-6.65766,252.972,1,1,0.375
2653,-6.69917,254.135,1,1,0.375
2654,-6.74637,255.311,1,1,0.375
2655,-6.79488,256.492,1,1,0.375
2656,-6.83737,257.674,1,1,0.375
2657,-6.88115,258.85,1,1,0.375
2658,-6.92426,260.027,1,1,0.375
2659,-6.96719,261.197,1,1,0.375
2660,-7.01352,262.362,1,1,0.25
2661,-7.05212,263.523,1,1,0.375
2662,-7.09359,264.682,1,1,0.375
2663,-7.13103,265.841,1,1,0.375
2664,-7.16492,266.998,1,1,0.375
2665,-7.20139,268.158,1,1,0.375
2666,-7.24324,269.311,1,1,0.375
2667,-7.28482,270.457,1,1,0.375
2668,-7.33054,271.591,1,1,0.375
2669,-7.37362,272.726,1,1,0.375
2670,-7.41719,273.853,1,1,0.375
2671,-7.4511,274.97,1,1,0.375
2672,-7.48634,276.076,1,1,0.5
2673,-7.52352,277.174,1,1,0.375
2674,-7.56446,278.251,1,1,0.375
2675,-7.60788,279.313,1,1,0.375
2676,-7.65163,280.358,1,1,0.375
2677,-7.69544,281.392,1,1,0.375
2678,-7.73918,282.409,1,1,0.375
2679,-7.78292,283.415,1,1,0.375
2680,-7.82783,284.402,1,1,0.5
2681,-7.87195,285.368,1,1,0.5
2682,-7.9184,286.315,1,1,0.5
2683,-7.96593,287.251,1,1,0.5
2684,-8.01224,288.186,1,1,0.375
2685,-8.0557,289.119,1,1,0.375
2686,-8.09966,290.054,1,1,0.375
2687,-8.14395,290.983,1,1,0.375
2688,-8.18546,291.911,1,1,0.5
2689,-8.22955,292.834,1,1,0.5
2690,-8.27309,293.75,1,1,0.5
2691,-8.31479,294.668,1,1,0.5
2692,-8.35257,295.587,1,1,0.5
2693,-8.38972,296.507,1,1,0.5
2694,-8.42552,297.434,1,1,0.5
2695,-8.45246,298.365,1,1,0.5
2696,-8.46917,299.3,1,1,0.625
2697,-8.48677,300.24,1,1,0.625
2698,-8.50329,301.18,1,1,0.5
2699,-8.51748,302.132,1,1,0.5
2700,-8.52813,303.088,1,1,0.5
2701,-8.53388,304.059,1,1,0.5
2702,-8.5393,305.033,1,1,0.625
2703,-8.5388,306.012,1,1,0.625
2704,-8.53692,307.001,1,1,0.625
2705,-8.52527,308.012,1,1,0.625
2706,-8.51254,309.031,1,1,0.625
2707,-8.49283,310.056,1,1,0.625
2708,-8.47088,311.08,1,1,0.625
2709,-8.44616,312.112,1,1,0.75
2710,-8.417,313.167,1,1,0.75
2711,-8.3891,314.234,1,1,0.625
2712,-8.3519,315.298,1,1,0.625
2713,-8.30969,316.365,1,1,0.625
2714,-8.26202,317.437,1,1,0.625
2715,-8.21164,318.521,1,1,0.625
2716,-8.15587,319.61,1,1,0.75
2717,-8.09554,320.709,1,1,0.75
2718,-8.03187,321.816,1,1,0.75
2719,-7.9604,322.934,1,1,0.75
2720,-7.88187,324.056,1,1,0.75
2721,-7.79826,325.179,1,1,0.75
2722,-7.7034,326.311,1,1,0.625
2723,-7.60792,327.445,1,1,0.75
2724,-7.51371,328.583,1,1,0.75
2725,-7.41918,329.735,1,1,0.75
2726,-7.32256,330.898,1,1,0.75
2727,-7.22706,332.07,1,1,0.75
2728,-7.12778,333.249,1,1,0.75
2729,-7.02823,334.443,1,1,0.75
2730,-6.93036,335.645,1,1,0.75
2731,-6.83286,336.846,1,1,0.75
2732,-6.73416,338.049,1,1,0.75
2733,-6.63424,339.252,1,1,0.75
2734,-6.5379,340.459,1,1,0.625
2735,-6.44591,341.658,1,1,0.625
2736,-6.35332,342.849,1,1,0.625
2737,-6.26663,344.038,1,1,0.625
2738,-6.18121,345.219,1,1,0.75
2739,-6.09934,346.41,1,1,0.75
2740,-6.01588,347.592,1,1,0.875
2741,-5.93545,348.773,1,1,1
2742,-5.85806,349.945,1,1,1
2743,-5.78718,351.112,1,1,1
2744,-5.71645,352.28,1,1,1
2745,-5.64728,353.444,1,1,1
2746,-5.57686,354.601,1,1,1
2747,-5.50919,355.746,1,1,1
2748,-5.43999,356.885,1,1,1
2749,-5.37022,358.03,1,1,1
2750,-5.30742,359.176,1,1,1
2751,-5.25105,360.316,1,1,1
2752,-5.19475,361.443,1,1,1
2753,-5.14417,362.563,1,1,1
2754,-5.09845,363.672,1,1,1
2755,-5.04826,364.777,1,1,1
2756,-5.00005,365.885,1,1,1
2757,-4.95102,366.99,1,1,1
2758,-4.90157,368.089,1,1,1
2759,-4.85169,369.178,1,1,1
2760,-4.80454,370.257,1,1,1
