method,frame,update_ms,query_ms,live,phys
forest,0,16.4203,2.0193,124058,124668
forest,1,29.6854,2.2789,247923,249273
forest,2,46.4461,2.4408,371552,373751
forest,3,27.8898,2.4214,494857,497918
forest,4,78.7015,2.9700,617787,621887
forest,5,28.0739,2.0926,740581,745811
forest,6,41.1304,1.8896,862493,869184
forest,7,26.9964,2.2281,983649,991949
forest,8,148.6636,3.1667,1104091,1114072
forest,9,26.0334,2.5921,1223641,1235429
forest,10,37.0581,2.2940,1342883,1356447
forest,11,24.1975,2.2025,1461997,1477392
forest,12,67.6692,1.9084,1580616,1597895
forest,13,24.5940,2.8324,1698807,1718190
forest,14,38.8839,2.0593,1816268,1838596
forest,15,21.0781,2.8484,1933858,1959619
forest,16,33.6025,2.7344,2051998,2081461
forest,17,329.4669,2.1605,2171386,2204568
forest,18,33.4576,2.4276,2291538,2328508
forest,19,47.1596,3.0210,2411466,2452809
forest,20,33.4164,2.9776,2531031,2577362
forest,21,77.2751,2.8245,2649930,2702018
forest,22,33.1514,2.2583,2768326,2826662
forest,23,47.3227,2.0701,2885487,2951188
forest,24,31.6820,3.6545,3001182,3075708
forest,25,143.4930,2.8596,3115120,3200308
forest,26,33.2853,3.5527,3227845,3324858
forest,27,46.0674,2.5963,3339027,3449100
forest,28,32.7493,2.7591,3449266,3573263
forest,29,77.4910,2.7549,3558539,3697281
forest,30,31.8951,3.0824,3666904,3821415
forest,31,45.7655,2.8745,3774488,3945555
forest,32,36.1241,3.3703,3880509,4069487
forest,33,29.7763,4.3668,3984441,4193313
forest,34,703.9508,2.8817,4086932,4316815
forest,35,50.4601,3.8403,4186363,4439821
forest,36,55.9203,5.3241,4279688,4562570
forest,37,42.1718,5.1819,4365193,4684949
forest,38,92.0771,3.8128,4442949,4806687
forest,39,39.2873,3.3009,4512388,4928184
forest,40,54.0239,2.4022,4576224,5049332
forest,41,38.4671,3.0084,4633363,5169691
forest,42,155.9839,3.6456,4680877,5289145
forest,43,38.5945,8.1933,4716100,5407544
forest,44,63.6663,3.7836,4739581,5524425
forest,45,35.5913,4.1724,4754752,5638921
forest,46,32.5303,3.8710,4768033,5752060
forest,47,93.3671,2.8088,4776820,5865870
forest,48,45.9283,5.8665,4787327,5981844
forest,49,60.0624,4.5155,4799240,6099000
forest,50,43.6166,7.9083,4813653,6217636
forest,51,348.6563,4.8065,4835417,6337466
forest,52,38.0083,6.6294,4856525,6458262
forest,53,53.1286,14.1257,4872964,6580153
forest,54,40.8782,14.2515,4885791,6702792
forest,55,86.4007,3.9690,4892385,6826135
forest,56,40.5205,21.0993,4894341,6949367
forest,57,37.7410,18.7022,4895005,7072497
forest,58,65.1576,6.8006,4893045,7195426
forest,59,49.3385,15.7176,4890477,7318129
forest,60,166.9995,2.3016,4892759,7440698
forest,61,48.3141,2.9067,4889391,7562859
forest,62,63.4188,2.2578,4883582,7684591
forest,63,47.0840,28.4407,4872083,7805287
forest,64,143.8637,2.9785,4860885,7926225
forest,65,39.7932,2.9521,4843349,8047276
forest,66,53.1930,2.5470,4832742,8168475
forest,67,37.9685,3.6599,4824309,8289591
forest,68,1570.0482,1.9938,4824793,8410672
forest,69,36.4348,2.2961,4833508,8531769
forest,70,48.9719,1.5715,4837326,8652562
forest,71,33.6954,3.1466,4839058,8773054
forest,72,44.7260,2.9687,4837318,8893336
forest,73,90.3019,2.0993,4838802,9013372
forest,74,44.1965,2.9128,4837232,9133119
forest,75,59.0473,2.7636,4837757,9252172
forest,76,42.9349,5.5869,4836585,9370914
forest,77,158.6180,2.2872,4832275,9489088
forest,78,41.5212,2.4804,4827745,9606566
forest,79,55.3874,2.2688,4818272,9724011
rebuild,0,67.1416,0.1751,124058,124058
rebuild,1,22.9784,0.2864,247923,247923
rebuild,2,35.8698,0.3417,371552,371552
rebuild,3,48.6423,0.4330,494857,494857
rebuild,4,62.8255,0.4208,617787,617787
rebuild,5,75.7505,0.4610,740581,740581
rebuild,6,89.9046,0.5034,862493,862493
rebuild,7,103.2613,0.5158,983649,983649
rebuild,8,119.6950,0.5100,1104091,1104091
rebuild,9,132.7551,0.5541,1223641,1223641
rebuild,10,146.0573,0.5026,1342883,1342883
rebuild,11,160.8296,0.5355,1461997,1461997
rebuild,12,174.7667,0.5222,1580616,1580616
rebuild,13,189.3838,0.5325,1698807,1698807
rebuild,14,204.8778,0.5576,1816268,1816268
rebuild,15,220.2361,0.5691,1933858,1933858
rebuild,16,235.3257,0.5440,2051998,2051998
rebuild,17,251.5279,0.5709,2171386,2171386
rebuild,18,263.8163,0.5573,2291538,2291538
rebuild,19,284.6461,0.6526,2411466,2411466
rebuild,20,295.9311,0.6099,2531031,2531031
rebuild,21,309.6299,0.5751,2649930,2649930
rebuild,22,326.2854,0.5923,2768326,2768326
rebuild,23,341.5417,0.5865,2885487,2885487
rebuild,24,355.9294,0.6005,3001182,3001182
rebuild,25,372.4850,0.6007,3115120,3115120
rebuild,26,391.1748,0.6301,3227845,3227845
rebuild,27,394.2567,0.5826,3339027,3339027
rebuild,28,425.4908,0.5934,3449266,3449266
rebuild,29,437.1923,0.5907,3558539,3558539
rebuild,30,464.6081,0.5975,3666904,3666904
rebuild,31,467.6920,0.6605,3774488,3774488
rebuild,32,487.4934,0.6144,3880509,3880509
rebuild,33,501.9822,0.6166,3984441,3984441
rebuild,34,518.1567,0.6388,4086932,4086932
rebuild,35,543.7301,0.5986,4186363,4186363
rebuild,36,547.3822,0.6409,4279688,4279688
rebuild,37,570.8932,0.6132,4365193,4365193
rebuild,38,562.9131,0.7821,4442949,4442949
rebuild,39,597.5249,0.6894,4512388,4512388
rebuild,40,604.8783,0.6312,4576224,4576224
rebuild,41,604.5798,0.5673,4633363,4633363
rebuild,42,585.7487,0.6418,4680877,4680877
rebuild,43,597.0164,0.6326,4716100,4716100
rebuild,44,599.0719,0.5955,4739581,4739581
rebuild,45,602.8657,0.5915,4754752,4754752
rebuild,46,608.4306,0.6236,4768033,4768033
rebuild,47,599.7774,0.5921,4776820,4776820
rebuild,48,605.9043,0.5487,4787327,4787327
rebuild,49,603.7223,0.5482,4799240,4799240
rebuild,50,611.6857,0.5706,4813653,4813653
rebuild,51,606.3768,0.5653,4835417,4835417
rebuild,52,617.8272,0.6112,4856525,4856525
rebuild,53,617.8047,0.5658,4872964,4872964
rebuild,54,623.1744,0.5828,4885791,4885791
rebuild,55,628.1167,0.5836,4892385,4892385
rebuild,56,630.5784,0.8275,4894341,4894341
rebuild,57,654.4189,0.6370,4895005,4895005
rebuild,58,623.3519,0.5669,4893045,4893045
rebuild,59,660.3800,0.5748,4890477,4890477
rebuild,60,624.8342,0.5752,4892759,4892759
rebuild,61,628.4078,0.5778,4889391,4889391
rebuild,62,623.1686,0.5933,4883582,4883582
rebuild,63,621.9001,0.6165,4872083,4872083
rebuild,64,618.6800,0.5578,4860885,4860885
rebuild,65,618.2136,0.5623,4843349,4843349
rebuild,66,614.2992,0.5757,4832742,4832742
rebuild,67,611.1653,0.5428,4824309,4824309
rebuild,68,611.6009,0.5762,4824793,4824793
rebuild,69,613.2975,0.5583,4833508,4833508
rebuild,70,617.3419,0.5598,4837326,4837326
rebuild,71,615.5281,0.5385,4839058,4839058
rebuild,72,616.4623,0.5127,4837318,4837318
rebuild,73,618.8900,0.5415,4838802,4838802
rebuild,74,616.3275,0.5431,4837232,4837232
rebuild,75,614.2691,0.5642,4837757,4837757
rebuild,76,614.7053,0.5628,4836585,4836585
rebuild,77,613.9653,0.5626,4832275,4832275
rebuild,78,609.2479,0.5660,4827745,4827745
rebuild,79,609.4562,0.5655,4818272,4818272
rebuild,0,26.8685,0.4868,124058,124058
rebuild,1,37.0607,0.5790,247923,247923
rebuild,2,52.9463,0.7376,371552,371552
rebuild,3,75.7219,0.7860,494857,494857
rebuild,4,92.5426,0.7267,617787,617787
rebuild,5,117.1069,0.7560,740581,740581
rebuild,6,149.9303,0.8272,862493,862493
rebuild,7,171.1109,0.8297,983649,983649
rebuild,8,166.3675,0.8462,1104091,1104091
rebuild,9,189.5072,0.8956,1223641,1223641
rebuild,10,223.0915,0.8317,1342883,1342883
rebuild,11,261.1778,0.9240,1461997,1461997
rebuild,12,255.9072,0.9322,1580616,1580616
rebuild,13,267.8394,0.9238,1698807,1698807
rebuild,14,257.5581,0.8803,1816268,1816268
rebuild,15,333.5706,0.8886,1933858,1933858
rebuild,16,329.9677,0.8873,2051998,2051998
rebuild,17,338.9525,0.9557,2171386,2171386
rebuild,18,393.8544,0.9152,2291538,2291538
rebuild,19,417.2054,0.9565,2411466,2411466
rebuild,20,420.1649,0.9599,2531031,2531031
rebuild,21,421.9627,0.9217,2649930,2649930
rebuild,22,389.6961,0.9487,2768326,2768326
rebuild,23,447.8244,1.0435,2885487,2885487
rebuild,24,499.5025,0.9209,3001182,3001182
rebuild,25,513.9249,0.9344,3115120,3115120
rebuild,26,524.6559,0.9850,3227845,3227845
rebuild,27,542.4771,0.9443,3339027,3339027
rebuild,28,555.8948,0.9264,3449266,3449266
rebuild,29,587.8819,0.9681,3558539,3558539
rebuild,30,586.2987,0.9544,3666904,3666904
rebuild,31,617.1952,0.9771,3774488,3774488
rebuild,32,616.3892,0.9500,3880509,3880509
rebuild,33,546.6424,0.9881,3984441,3984441
rebuild,34,611.7550,0.9906,4086932,4086932
rebuild,35,629.2662,0.9426,4186363,4186363
rebuild,36,625.4049,0.9527,4279688,4279688
rebuild,37,616.0138,0.9243,4365193,4365193
rebuild,38,634.5138,0.9591,4442949,4442949
rebuild,39,704.6559,0.9684,4512388,4512388
rebuild,40,669.1982,0.9546,4576224,4576224
rebuild,41,640.7088,1.0859,4633363,4633363
rebuild,42,634.2701,0.9929,4680877,4680877
rebuild,43,677.8548,0.9979,4716100,4716100
rebuild,44,593.0266,0.9640,4739581,4739581
rebuild,45,675.4743,0.9865,4754752,4754752
rebuild,46,721.1692,0.9499,4768033,4768033
rebuild,47,728.1276,0.9472,4776820,4776820
rebuild,48,680.1513,0.9569,4787327,4787327
rebuild,49,724.3904,0.9344,4799240,4799240
rebuild,50,713.4580,0.9094,4813653,4813653
rebuild,51,682.8037,0.9302,4835417,4835417
rebuild,52,721.5061,0.9741,4856525,4856525
rebuild,53,653.9353,0.9657,4872964,4872964
rebuild,54,699.4070,0.9539,4885791,4885791
rebuild,55,679.2537,0.9078,4892385,4892385
rebuild,56,692.8519,0.9469,4894341,4894341
rebuild,57,722.2559,1.0261,4895005,4895005
rebuild,58,714.0775,0.9907,4893045,4893045
rebuild,59,730.2474,0.9504,4890477,4890477
rebuild,60,716.8053,0.9834,4892759,4892759
rebuild,61,686.3412,1.0821,4889391,4889391
rebuild,62,715.5214,0.9465,4883582,4883582
rebuild,63,668.2255,0.9502,4872083,4872083
rebuild,64,606.7011,0.9755,4860885,4860885
rebuild,65,662.5218,0.9605,4843349,4843349
rebuild,66,752.0459,0.9548,4832742,4832742
rebuild,67,711.3816,0.9613,4824309,4824309
rebuild,68,706.8722,0.9523,4824793,4824793
rebuild,69,762.0282,1.0201,4833508,4833508
rebuild,70,764.1176,0.9126,4837326,4837326
rebuild,71,723.8286,0.8963,4839058,4839058
rebuild,72,753.2817,0.8803,4837318,4837318
rebuild,73,650.4419,0.9341,4838802,4838802
rebuild,74,732.9380,0.8619,4837232,4837232
rebuild,75,693.6252,0.9490,4837757,4837757
rebuild,76,697.6104,0.9308,4836585,4836585
rebuild,77,668.6757,0.9457,4832275,4832275
rebuild,78,717.4350,0.9715,4827745,4827745
rebuild,79,735.3349,0.9982,4818272,4818272
inc_b75_d50,0,27.2612,0.4678,124058,124600
inc_b75_d50,1,53.8009,0.6894,247923,248535
inc_b75_d50,2,87.8896,0.8819,371552,372205
inc_b75_d50,3,52.9746,1.0800,494857,496090
inc_b75_d50,4,73.1493,1.1446,617787,619352
inc_b75_d50,5,88.1137,1.2488,740581,742288
inc_b75_d50,6,99.9083,1.3059,862493,864735
inc_b75_d50,7,82.6400,1.4690,983649,986677
inc_b75_d50,8,112.3387,1.3760,1104091,1107008
inc_b75_d50,9,83.3547,1.4334,1223641,1224613
inc_b75_d50,10,102.9892,1.4954,1342883,1344741
inc_b75_d50,11,349.5608,1.5153,1461997,1462830
inc_b75_d50,12,70.0788,1.4406,1580616,1582992
inc_b75_d50,13,611.8392,1.5264,1698807,1700542
inc_b75_d50,14,56.2668,1.6092,1816268,1819884
inc_b75_d50,15,77.7172,1.6287,1933858,1939884
inc_b75_d50,16,94.0394,1.6821,2051998,2061326
inc_b75_d50,17,109.1705,1.7656,2171386,2183406
inc_b75_d50,18,101.0266,1.6030,2291538,2304876
inc_b75_d50,19,120.0517,1.8637,2411466,2426484
inc_b75_d50,20,101.4294,1.8315,2531031,2550698
inc_b75_d50,21,123.3438,1.8238,2649930,2672423
inc_b75_d50,22,137.4772,1.9224,2768326,2787248
inc_b75_d50,23,609.1064,1.8594,2885487,2910863
inc_b75_d50,24,403.9004,1.8027,3001182,3021096
inc_b75_d50,25,86.3265,1.7980,3115120,3143618
inc_b75_d50,26,89.7740,1.9525,3227845,3256341
inc_b75_d50,27,99.9606,2.0201,3339027,3376558
inc_b75_d50,28,108.1611,1.9299,3449266,3498711
inc_b75_d50,29,1294.6853,2.0007,3558539,3571061
inc_b75_d50,30,70.5992,1.8802,3666904,3688374
inc_b75_d50,31,92.1420,1.9256,3774488,3806631
inc_b75_d50,32,91.7953,1.9807,3880509,3929523
inc_b75_d50,33,93.9822,1.9901,3984441,4041385
inc_b75_d50,34,134.4940,1.9075,4086932,4148136
inc_b75_d50,35,98.5411,1.8903,4186363,4242176
inc_b75_d50,36,103.4372,2.1294,4279688,4337239
inc_b75_d50,37,133.9295,1.9462,4365193,4459091
inc_b75_d50,38,305.5455,2.0115,4442949,4538527
inc_b75_d50,39,128.2307,1.9498,4512388,4653728
inc_b75_d50,40,686.6746,1.9470,4576224,4752169
inc_b75_d50,41,178.2689,2.1559,4633363,4664687
inc_b75_d50,42,535.6175,2.3448,4680877,4747052
inc_b75_d50,43,89.3177,2.3027,4716100,4835196
inc_b75_d50,44,116.5126,2.2537,4739581,4890049
inc_b75_d50,45,916.8572,2.2455,4754752,4952241
inc_b75_d50,46,1879.4154,2.1970,4768033,4867497
inc_b75_d50,47,81.8938,2.1465,4776820,4980304
inc_b75_d50,48,138.3711,2.0345,4787327,5040101
inc_b75_d50,49,138.3612,1.9436,4799240,5121065
inc_b75_d50,50,114.1788,2.0968,4813653,5236895
inc_b75_d50,51,277.5532,2.1031,4835417,5268172
inc_b75_d50,52,96.1844,2.0296,4856525,5387876
inc_b75_d50,53,325.5805,2.2272,4872964,5508526
inc_b75_d50,54,94.1468,2.1174,4885791,5630660
inc_b75_d50,55,212.4588,2.0518,4892385,5633776
inc_b75_d50,56,111.4187,2.1778,4894341,5755432
inc_b75_d50,57,843.2001,3.2072,4895005,5150743
inc_b75_d50,58,1356.8417,2.0492,4893045,5269673
inc_b75_d50,59,566.6197,2.1797,4890477,5391730
inc_b75_d50,60,90.6760,2.0805,4892759,5513568
inc_b75_d50,61,1006.2895,2.1783,4889391,5187175
inc_b75_d50,62,156.5241,2.1403,4883582,5280860
inc_b75_d50,63,145.2847,2.3751,4872083,5373494
inc_b75_d50,64,190.8416,2.3291,4860885,5230376
inc_b75_d50,65,137.5201,2.6255,4843349,5312527
inc_b75_d50,66,231.3966,2.2355,4832742,5312714
inc_b75_d50,67,576.1481,2.1064,4824309,5338939
inc_b75_d50,68,158.9098,2.2107,4824793,5459199
inc_b75_d50,69,143.4958,2.2389,4833508,5528801
inc_b75_d50,70,910.3497,2.1865,4837326,5055918
inc_b75_d50,71,1060.7164,2.1151,4839058,5175885
inc_b75_d50,72,692.1936,2.0190,4837318,5294728
inc_b75_d50,73,91.2331,2.0517,4838802,5414178
inc_b75_d50,74,105.4881,2.1575,4837232,5532621
inc_b75_d50,75,675.3167,2.2030,4837757,5651405
inc_b75_d50,76,100.9582,2.3417,4836585,5769685
inc_b75_d50,77,154.7616,2.1640,4832275,5887449
inc_b75_d50,78,127.6226,2.1702,4827745,6002094
inc_b75_d50,79,267.1154,2.0444,4818272,5782299
inc_b70_d30,0,23.5422,0.4596,124058,124600
inc_b70_d30,1,53.0961,0.6953,247923,248457
inc_b70_d30,2,87.9830,0.8646,371552,372205
inc_b70_d30,3,71.3788,1.1203,494857,496019
inc_b70_d30,4,103.0184,1.1679,617787,619071
inc_b70_d30,5,117.6791,1.2710,740581,742043
inc_b70_d30,6,131.6158,1.3168,862493,864260
inc_b70_d30,7,114.2496,1.4779,983649,984904
inc_b70_d30,8,109.7577,1.4206,1104091,1105281
inc_b70_d30,9,306.5615,1.8395,1223641,1224359
inc_b70_d30,10,469.0724,1.4284,1342883,1343571
inc_b70_d30,11,75.7078,1.5068,1461997,1463371
inc_b70_d30,12,99.5949,1.4784,1580616,1582465
inc_b70_d30,13,100.6012,1.6098,1698807,1701223
inc_b70_d30,14,110.2314,1.5287,1816268,1820296
inc_b70_d30,15,113.8569,1.5779,1933858,1937435
inc_b70_d30,16,150.3259,1.6875,2051998,2057465
inc_b70_d30,17,572.2123,1.7983,2171386,2177457
inc_b70_d30,18,84.3972,1.6965,2291538,2297758
inc_b70_d30,19,109.7685,1.8720,2411466,2417586
inc_b70_d30,20,885.6348,1.7705,2531031,2535205
inc_b70_d30,21,93.5126,1.8919,2649930,2657687
inc_b70_d30,22,123.3558,1.9829,2768326,2780525
inc_b70_d30,23,137.8182,1.9037,2885487,2897815
inc_b70_d30,24,138.3392,1.9748,3001182,3021072
inc_b70_d30,25,136.8032,1.9622,3115120,3135358
inc_b70_d30,26,161.5001,1.9267,3227845,3251549
inc_b70_d30,27,150.3411,1.9806,3339027,3370887
inc_b70_d30,28,718.0945,1.9860,3449266,3483659
inc_b70_d30,29,347.2477,2.1425,3558539,3601265
inc_b70_d30,30,500.6765,1.9332,3666904,3707920
inc_b70_d30,31,116.8494,1.9998,3774488,3811332
inc_b70_d30,32,113.8453,1.9422,3880509,3925099
inc_b70_d30,33,1393.4233,2.0204,3984441,4001543
inc_b70_d30,34,127.0890,1.9126,4086932,4116187
inc_b70_d30,35,121.4984,1.9175,4186363,4223536
inc_b70_d30,36,127.5505,1.9875,4279688,4339052
inc_b70_d30,37,155.5273,1.9910,4365193,4419457
inc_b70_d30,38,167.3451,2.0065,4442949,4496243
inc_b70_d30,39,186.1226,2.1414,4512388,4572551
inc_b70_d30,40,635.5770,2.0237,4576224,4649910
inc_b70_d30,41,323.0401,2.0629,4633363,4715725
inc_b70_d30,42,524.9980,2.2504,4680877,4801810
inc_b70_d30,43,187.3541,2.4589,4716100,4834982
inc_b70_d30,44,169.0473,2.3821,4739581,4846086
inc_b70_d30,45,1929.5915,2.1030,4754752,4853936
inc_b70_d30,46,131.7024,2.0764,4768033,4927003
inc_b70_d30,47,165.8034,1.9786,4776820,4987939
inc_b70_d30,48,159.8468,2.0371,4787327,5024230
inc_b70_d30,49,342.6032,2.0869,4799240,5000076
inc_b70_d30,50,328.3119,2.0668,4813653,5092566
inc_b70_d30,51,110.8733,1.9337,4835417,5210844
inc_b70_d30,52,336.2622,2.0400,4856525,5157207
inc_b70_d30,53,561.6629,2.2155,4872964,5215284
inc_b70_d30,54,883.2982,2.1999,4885791,5140677
inc_b70_d30,55,174.9949,2.0631,4892385,5209490
inc_b70_d30,56,1968.0890,2.2700,4894341,5015589
inc_b70_d30,57,135.0198,2.3417,4895005,5090527
inc_b70_d30,58,142.3984,2.1018,4893045,5207636
inc_b70_d30,59,137.3776,2.1408,4890477,5326523
inc_b70_d30,60,240.0256,2.1045,4892759,5313534
inc_b70_d30,61,289.4711,2.4537,4889391,5148069
inc_b70_d30,62,556.4913,2.1647,4883582,5180999
inc_b70_d30,63,393.4530,2.3725,4872083,5281358
inc_b70_d30,64,793.9411,2.3281,4860885,5117422
inc_b70_d30,65,157.6362,2.8015,4843349,5181660
inc_b70_d30,66,2051.7385,2.1222,4832742,4939561
inc_b70_d30,67,140.1148,2.1204,4824309,5040180
inc_b70_d30,68,213.3228,2.1827,4824793,5154300
inc_b70_d30,69,143.1612,2.1287,4833508,5258269
inc_b70_d30,70,183.7583,2.1599,4837326,5369835
inc_b70_d30,71,165.4637,1.9888,4839058,5485698
inc_b70_d30,72,1003.5776,2.0119,4837318,4837551
inc_b70_d30,73,360.2489,2.0491,4838802,4956789
inc_b70_d30,74,507.7026,2.0824,4837232,5075422
inc_b70_d30,75,130.0648,2.3554,4837757,5194283
inc_b70_d30,76,2590.2807,2.1790,4836585,4956497
inc_b70_d30,77,101.6254,2.2130,4832275,5074395
inc_b70_d30,78,157.0765,2.2795,4827745,5160674
inc_b70_d30,79,219.0137,2.3296,4818272,5261890
inc_b65_d30,0,23.5124,0.4523,124058,124600
inc_b65_d30,1,53.1778,0.6949,247923,248457
inc_b65_d30,2,87.5404,0.8826,371552,372205
inc_b65_d30,3,105.6624,1.1087,494857,496026
inc_b65_d30,4,156.9969,1.1727,617787,618878
inc_b65_d30,5,157.2111,1.2270,740581,741757
inc_b65_d30,6,165.8496,1.3771,862493,864058
inc_b65_d30,7,575.2622,1.4635,983649,984442
inc_b65_d30,8,98.7779,1.4860,1104091,1105308
inc_b65_d30,9,133.8333,1.5183,1223641,1225603
inc_b65_d30,10,167.3223,1.5315,1342883,1343871
inc_b65_d30,11,149.7276,1.5846,1461997,1463354
inc_b65_d30,12,490.3078,1.5002,1580616,1582356
inc_b65_d30,13,103.1630,1.5793,1698807,1701247
inc_b65_d30,14,623.5449,1.6481,1816268,1818786
inc_b65_d30,15,143.2970,1.6400,1933858,1937778
inc_b65_d30,16,198.1585,1.6399,2051998,2056038
inc_b65_d30,17,196.3641,1.7424,2171386,2176426
inc_b65_d30,18,378.4229,1.7214,2291538,2297006
inc_b65_d30,19,351.2854,1.9237,2411466,2418956
inc_b65_d30,20,169.8322,1.8301,2531031,2539314
inc_b65_d30,21,983.5906,1.8552,2649930,2654076
inc_b65_d30,22,128.6830,1.8821,2768326,2776928
inc_b65_d30,23,177.1108,1.8885,2885487,2896885
inc_b65_d30,24,170.3252,1.9140,3001182,3016285
inc_b65_d30,25,217.8805,1.9590,3115120,3130688
inc_b65_d30,26,517.4083,1.9571,3227845,3253631
inc_b65_d30,27,172.6185,2.0389,3339027,3367036
inc_b65_d30,28,674.9303,2.0109,3449266,3481375
inc_b65_d30,29,188.1868,2.0451,3558539,3595579
inc_b65_d30,30,1394.7829,1.8704,3666904,3678102
inc_b65_d30,31,145.5359,1.9596,3774488,3794909
inc_b65_d30,32,153.2940,1.9941,3880509,3901354
inc_b65_d30,33,190.8877,2.0737,3984441,4001928
inc_b65_d30,34,244.9651,1.9264,4086932,4101191
inc_b65_d30,35,393.3530,1.9612,4186363,4217482
inc_b65_d30,36,559.9775,2.0116,4279688,4315623
inc_b65_d30,37,569.7848,2.2028,4365193,4391685
inc_b65_d30,38,637.9942,1.9496,4442949,4484925
inc_b65_d30,39,261.4392,1.9958,4512388,4558376
inc_b65_d30,40,1721.0222,1.9324,4576224,4627994
inc_b65_d30,41,154.6307,1.9585,4633363,4720215
inc_b65_d30,42,208.5086,2.1056,4680877,4796152
inc_b65_d30,43,257.6432,2.1977,4716100,4816603
inc_b65_d30,44,555.7461,2.2788,4739581,4866175
inc_b65_d30,45,879.3248,2.0549,4754752,4880104
inc_b65_d30,46,233.5173,2.2083,4768033,4926409
inc_b65_d30,47,401.3776,2.2474,4776820,4929614
inc_b65_d30,48,1905.6869,2.0091,4787327,4892566
inc_b65_d30,49,205.2089,1.9976,4799240,4952787
inc_b65_d30,50,258.3708,2.1304,4813653,4980144
inc_b65_d30,51,371.6848,1.9215,4835417,5064892
inc_b65_d30,52,250.3333,1.9060,4856525,5158156
inc_b65_d30,53,675.7927,2.2535,4872964,5132550
inc_b65_d30,54,797.0518,2.1945,4885791,5174876
inc_b65_d30,55,335.5536,2.2043,4892385,5050239
inc_b65_d30,56,1997.3070,2.3220,4894341,5015589
inc_b65_d30,57,188.2151,2.2448,4895005,5112463
inc_b65_d30,58,234.5552,2.2268,4893045,5189718
inc_b65_d30,59,374.9664,2.2246,4890477,5203955
inc_b65_d30,60,545.4091,2.0809,4892759,5157796
inc_b65_d30,61,803.2679,2.3825,4889391,5104486
inc_b65_d30,62,778.8192,2.0915,4883582,5089184
inc_b65_d30,63,2096.6739,2.2361,4872083,5004272
inc_b65_d30,64,218.1301,2.2901,4860885,5012822
inc_b65_d30,65,248.6812,2.4153,4843349,5068572
inc_b65_d30,66,311.4759,2.1435,4832742,5117096
inc_b65_d30,67,389.9105,2.0998,4824309,5136542
inc_b65_d30,68,1475.2618,2.1272,4824793,5096754
inc_b65_d30,69,202.5070,2.1246,4833508,5168783
inc_b65_d30,70,530.6317,2.1698,4837326,5285462
inc_b65_d30,71,2255.9623,2.0368,4839058,4957494
inc_b65_d30,72,154.3569,2.1114,4837318,5074605
inc_b65_d30,73,206.8121,2.1161,4838802,5193763
inc_b65_d30,74,201.9659,2.2539,4837232,5312784
inc_b65_d30,75,209.6489,2.1667,4837757,5430549
inc_b65_d30,76,749.6352,2.2884,4836585,5177556
inc_b65_d30,77,859.2923,2.1956,4832275,5292971
inc_b65_d30,78,180.9382,2.3132,4827745,5400507
inc_b65_d30,79,788.7931,2.2390,4818272,4818474
inc_b85_d50,0,23.5847,0.4565,124058,124600
inc_b85_d50,1,53.1312,0.6690,247923,248535
inc_b85_d50,2,87.7556,0.8648,371552,372205
inc_b85_d50,3,39.2276,1.1116,494857,496166
inc_b85_d50,4,49.8137,1.2293,617787,619691
inc_b85_d50,5,56.5581,1.2605,740581,743282
inc_b85_d50,6,58.6811,1.3390,862493,865955
inc_b85_d50,7,62.6938,1.4362,983649,986951
inc_b85_d50,8,59.9245,1.4244,1104091,1108163
inc_b85_d50,9,63.1798,1.4953,1223641,1225313
inc_b85_d50,10,63.9714,1.4816,1342883,1346047
inc_b85_d50,11,66.4206,1.5425,1461997,1464555
inc_b85_d50,12,61.9446,1.4942,1580616,1584196
inc_b85_d50,13,64.9873,1.5826,1698807,1703831
inc_b85_d50,14,98.0182,1.6018,1816268,1823380
inc_b85_d50,15,63.7674,1.5670,1933858,1943360
inc_b85_d50,16,75.4957,1.6297,2051998,2064004
inc_b85_d50,17,79.9624,1.7262,2171386,2184365
inc_b85_d50,18,619.8926,1.6434,2291538,2307906
inc_b85_d50,19,51.9502,1.8685,2411466,2428244
inc_b85_d50,20,59.2195,1.8920,2531031,2552475
inc_b85_d50,21,69.7995,1.9174,2649930,2661703
inc_b85_d50,22,67.1185,1.9616,2768326,2785548
inc_b85_d50,23,71.1794,1.9837,2885487,2909533
inc_b85_d50,24,82.8837,2.0411,3001182,3024860
inc_b85_d50,25,1052.8253,1.8612,3115120,3123729
inc_b85_d50,26,62.0291,1.9521,3227845,3246814
inc_b85_d50,27,69.3785,1.9755,3339027,3368021
inc_b85_d50,28,72.3450,1.9072,3449266,3491467
inc_b85_d50,29,76.5392,1.9011,3558539,3603027
inc_b85_d50,30,75.6099,1.8902,3666904,3708964
inc_b85_d50,31,85.7135,1.9443,3774488,3832320
inc_b85_d50,32,72.5458,1.9451,3880509,3952427
inc_b85_d50,33,69.0904,2.0422,3984441,4062015
inc_b85_d50,34,102.2399,1.8707,4086932,4178483
inc_b85_d50,35,104.4967,1.9334,4186363,4292346
inc_b85_d50,36,83.9873,1.9950,4279688,4401459
inc_b85_d50,37,100.4597,1.9889,4365193,4504997
inc_b85_d50,38,101.4988,1.8573,4442949,4626093
inc_b85_d50,39,80.0892,1.9175,4512388,4731797
inc_b85_d50,40,92.0115,1.9745,4576224,4787661
inc_b85_d50,41,140.3210,1.9986,4633363,4874269
inc_b85_d50,42,434.2643,2.1073,4680877,4969445
inc_b85_d50,43,81.9247,2.2553,4716100,5032074
inc_b85_d50,44,105.6758,2.1976,4739581,5100616
inc_b85_d50,45,205.1011,2.2020,4754752,5161416
inc_b85_d50,46,216.3175,2.3663,4768033,4815179
inc_b85_d50,47,1725.3477,2.0172,4776820,4881599
inc_b85_d50,48,60.3077,2.0141,4787327,4997014
inc_b85_d50,49,73.8032,2.0149,4799240,5113751
inc_b85_d50,50,70.0400,2.1107,4813653,5231466
inc_b85_d50,51,79.3806,1.9160,4835417,5350618
inc_b85_d50,52,83.8674,1.9272,4856525,5470878
inc_b85_d50,53,82.8929,2.1097,4872964,5590628
inc_b85_d50,54,86.7906,2.0885,4885791,5712904
inc_b85_d50,55,84.2767,1.8325,4892385,5835866
inc_b85_d50,56,83.1346,2.0831,4894341,5958601
inc_b85_d50,57,185.5950,2.2600,4895005,5784507
inc_b85_d50,58,284.6596,2.2849,4893045,5276436
inc_b85_d50,59,352.3583,2.2972,4890477,5398614
inc_b85_d50,60,79.0713,2.1875,4892759,5520889
inc_b85_d50,61,464.6420,2.3350,4889391,5642418
inc_b85_d50,62,113.1863,2.2960,4883582,5763208
inc_b85_d50,63,164.3799,3.3084,4872083,5574035
inc_b85_d50,64,953.2861,2.2140,4860885,5694517
inc_b85_d50,65,88.5678,3.1273,4843349,5769655
inc_b85_d50,66,114.2052,2.0811,4832742,5890283
inc_b85_d50,67,111.8660,2.1195,4824309,5939946
inc_b85_d50,68,144.6668,2.1366,4824793,6060190
inc_b85_d50,69,91.8056,2.0613,4833508,6180983
inc_b85_d50,70,101.9579,2.1304,4837326,6292759
inc_b85_d50,71,745.6148,2.0887,4839058,6387113
inc_b85_d50,72,78.8193,1.9399,4837318,6506113
inc_b85_d50,73,81.4662,1.9581,4838802,6625479
inc_b85_d50,74,78.0462,2.0491,4837232,6744037
inc_b85_d50,75,278.4217,2.2013,4837757,6262187
inc_b85_d50,76,943.0214,2.2523,4836585,6380533
inc_b85_d50,77,97.9151,2.4539,4832275,6498391
inc_b85_d50,78,81.4454,2.4845,4827745,6615312
inc_b85_d50,79,171.3780,2.5563,4818272,6471459
inc_async,0,25.4165,0.5424,124058,124668
inc_async,1,106.9111,0.7391,247923,248663
inc_async,2,92.8516,0.8983,371552,372401
inc_async,3,31.2129,1.1812,494857,496568
inc_async,4,35.9961,1.3560,617787,620537
inc_async,5,140.5301,1.4821,740581,744461
inc_async,6,41.3030,1.5673,862493,867834
inc_async,7,55.5696,2.2068,983649,990599
inc_async,8,44.0234,1.6957,1104091,1112722
inc_async,9,46.0038,1.8129,1223641,1234079
inc_async,10,47.9486,1.8898,1342883,1355097
inc_async,11,49.5823,1.9831,1461997,1476042
inc_async,12,52.0929,2.0386,1580616,1596545
inc_async,13,275.3642,1.7471,1698807,1711499
inc_async,14,43.4457,1.7580,1816268,1831905
inc_async,15,45.3568,1.8145,1933858,1952928
inc_async,16,48.0778,2.0284,2051998,2074770
inc_async,17,48.7443,2.2682,2171386,2197877
inc_async,18,83.4720,3.5862,2291538,2321817
inc_async,19,52.7356,2.8716,2411466,2446118
inc_async,20,54.3080,2.7446,2531031,2570671
inc_async,21,56.7888,2.7034,2649930,2695327
inc_async,22,57.9821,2.7948,2768326,2819971
inc_async,23,58.8152,2.9107,2885487,2944497
inc_async,24,60.0797,2.9906,3001182,3069017
inc_async,25,61.7175,3.0819,3115120,3193617
inc_async,26,61.4106,3.4317,3227845,3318167
inc_async,27,61.6166,3.0148,3339027,3442409
inc_async,28,61.9686,2.6401,3449266,3566572
inc_async,29,61.8214,2.8430,3558539,3690590
inc_async,30,66.6117,2.5406,3666904,3814724
inc_async,31,755.8417,2.5763,3774488,3912373
inc_async,32,55.6851,2.5481,3880509,4036305
inc_async,33,57.1448,2.6925,3984441,4160131
inc_async,34,58.6051,2.5600,4086932,4283633
inc_async,35,59.8839,2.5579,4186363,4406639
inc_async,36,61.0119,2.7270,4279688,4529388
inc_async,37,67.3865,2.8584,4365193,4651767
inc_async,38,61.9710,2.7787,4442949,4773505
inc_async,39,62.7476,2.7203,4512388,4895002
inc_async,40,132.3365,4.3396,4576224,5016150
inc_async,41,64.9771,2.9875,4633363,5136509
inc_async,42,64.8106,3.1171,4680877,5255963
inc_async,43,64.1761,3.0522,4716100,5374362
inc_async,44,63.4515,2.8930,4739581,5491243
inc_async,45,62.4451,2.6578,4754752,5605739
inc_async,46,61.5313,3.2092,4768033,5718878
inc_async,47,66.1484,2.9123,4776820,5832688
inc_async,48,71.4577,3.1505,4787327,5948662
inc_async,49,73.8270,3.2555,4799240,6065818
inc_async,50,76.4786,3.2932,4813653,6184454
inc_async,51,78.3671,3.4742,4835417,6304284
inc_async,52,79.2676,3.5980,4856525,6425080
inc_async,53,81.6510,3.9729,4872964,6546971
inc_async,54,83.6571,3.8133,4885791,6669610
inc_async,55,84.9693,4.3818,4892385,6792953
inc_async,56,86.4145,4.4340,4894341,6916185
inc_async,57,88.5745,4.9469,4895005,7039315
inc_async,58,89.9682,4.8060,4893045,7162244
inc_async,59,91.2508,5.2711,4890477,7284947
inc_async,60,91.7047,5.3999,4892759,7407516
inc_async,61,93.1577,6.3195,4889391,7529677
inc_async,62,1441.6011,4.0666,4883582,7268795
inc_async,63,67.2670,2.8445,4872083,7389491
inc_async,64,67.0717,2.7575,4860885,7510429
inc_async,65,66.7986,3.4638,4843349,7631480
inc_async,66,67.8339,2.5272,4832742,7752679
inc_async,67,68.5372,2.3397,4824309,7873795
inc_async,68,69.3414,2.4228,4824793,7994876
inc_async,69,71.1655,2.5711,4833508,8115973
inc_async,70,72.6062,2.6906,4837326,8236766
inc_async,71,74.0337,2.7781,4839058,8357258
inc_async,72,75.3236,2.9707,4837318,8477540
inc_async,73,77.2122,2.9612,4838802,8597576
inc_async,74,78.7514,3.2563,4837232,8717323
inc_async,75,77.5832,3.0293,4837757,8836376
inc_async,76,77.8951,3.0962,4836585,8955118
inc_async,77,78.4852,3.2201,4832275,9073292
inc_async,78,75.3833,3.1139,4827745,9190770
inc_async,79,74.1760,2.8856,4818272,9308215
ikd-Tree,0,24.8054,0.7005,124058,124073
ikd-Tree,1,133.0523,0.9734,247923,247995
ikd-Tree,2,168.8181,1.0301,371552,371557
ikd-Tree,3,172.0278,1.1340,494857,494920
ikd-Tree,4,204.2919,1.2136,617787,617817
ikd-Tree,5,197.0128,1.2068,740581,740611
ikd-Tree,6,187.9193,1.2489,862493,862518
ikd-Tree,7,118.7778,1.5414,983649,983863
ikd-Tree,8,108.2840,1.4729,1104091,1104502
ikd-Tree,9,123.3384,1.5439,1223641,1224414
ikd-Tree,10,130.2504,1.6583,1342883,1343605
ikd-Tree,11,136.8162,1.7735,1461997,1464178
ikd-Tree,12,141.5319,1.7814,1580616,1582021
ikd-Tree,13,142.1610,1.8969,1698807,1700453
ikd-Tree,14,147.7983,1.8954,1816268,1819264
ikd-Tree,15,154.2542,1.9481,1933858,1935520
ikd-Tree,16,156.2890,2.0980,2051998,2054333
ikd-Tree,17,172.4753,2.1856,2171386,2173905
ikd-Tree,18,173.4109,2.1773,2291538,2293640
ikd-Tree,19,182.4876,2.3652,2411466,2415844
ikd-Tree,20,185.1243,2.3435,2531031,2534447
ikd-Tree,21,191.1876,2.3284,2649930,2652548
ikd-Tree,22,192.6054,2.3943,2768326,2773396
ikd-Tree,23,193.6357,2.3386,2885487,2889565
ikd-Tree,24,193.7899,2.4678,3001182,3009885
ikd-Tree,25,201.9224,2.4424,3115120,3122819
ikd-Tree,26,205.4982,2.3786,3227845,3239556
ikd-Tree,27,204.3464,2.4916,3339027,3352424
ikd-Tree,28,202.7648,2.3658,3449266,3457448
ikd-Tree,29,202.5853,2.5707,3558539,3573045
ikd-Tree,30,206.1118,2.3736,3666904,3678739
ikd-Tree,31,203.2727,2.4404,3774488,3790249
ikd-Tree,32,206.2067,2.2760,3880509,3903393
ikd-Tree,33,215.1190,2.2296,3984441,4007894
ikd-Tree,34,207.3800,2.2797,4086932,4112697
ikd-Tree,35,203.8352,2.2302,4186363,4212433
ikd-Tree,36,211.4763,2.2724,4279688,4307610
ikd-Tree,37,210.5497,2.2729,4365193,4399964
ikd-Tree,38,209.7381,2.3232,4442949,4489954
ikd-Tree,39,216.3583,2.3926,4512388,4568630
ikd-Tree,40,226.2430,2.5418,4576224,4622235
ikd-Tree,41,225.3198,2.5854,4633363,4730244
ikd-Tree,42,230.9933,2.6549,4680877,4840124
ikd-Tree,43,235.6573,2.7963,4716100,4953196
ikd-Tree,44,228.7660,2.7655,4739581,5068904
ikd-Tree,45,232.2150,2.7958,4754752,5179231
ikd-Tree,46,246.0812,2.8588,4768033,5288870
ikd-Tree,47,217.6565,3.0565,4776820,5402574
ikd-Tree,48,231.6115,3.1191,4787327,5518472
ikd-Tree,49,230.5549,3.1194,4799240,5635569
ikd-Tree,50,242.2003,3.2900,4813653,5754155
ikd-Tree,51,246.3637,3.2356,4835417,5873953
ikd-Tree,52,258.8821,3.2807,4856525,5994730
ikd-Tree,53,260.4713,3.4435,4872964,6116610
ikd-Tree,54,271.0570,3.6427,4885791,6239249
ikd-Tree,55,273.5433,3.7654,4892385,6362592
ikd-Tree,56,273.3013,3.7070,4894341,6485824
ikd-Tree,57,275.2920,3.7972,4895005,6608954
ikd-Tree,58,285.0819,4.0261,4893045,6731883
ikd-Tree,59,299.3262,4.2249,4890477,6854586
ikd-Tree,60,297.7701,4.1225,4892759,6977155
ikd-Tree,61,293.0008,4.5787,4889391,7099316
ikd-Tree,62,314.3447,4.8040,4883582,7221048
ikd-Tree,63,312.0613,5.1760,4872083,7341744
ikd-Tree,64,320.3228,5.3982,4860885,7462682
ikd-Tree,65,321.6670,5.9583,4843349,7583733
ikd-Tree,66,314.7135,5.8399,4832742,7704932
ikd-Tree,67,322.6773,5.9228,4824309,7826048
ikd-Tree,68,317.9958,6.4093,4824793,7947129
ikd-Tree,69,311.4057,6.0677,4833508,8068226
ikd-Tree,70,328.5389,6.3300,4837326,8189019
ikd-Tree,71,323.6053,6.2510,4839058,8309511
ikd-Tree,72,332.1328,6.3299,4837318,8429793
ikd-Tree,73,340.0897,7.3080,4838802,8549829
ikd-Tree,74,333.2004,7.4816,4837232,8669576
ikd-Tree,75,326.3904,7.2595,4837757,8788629
ikd-Tree,76,331.9545,7.2087,4836585,8907371
ikd-Tree,77,324.6267,7.6647,4832275,9025545
ikd-Tree,78,327.6715,8.6526,4827745,9143023
ikd-Tree,79,362.4637,10.2483,4818272,9260468
